ID,RADEG_x,DECDEG_x,CLASS,DATATABLE,Object ID,RADEG_y,DECDEG_y,Nearest field,Distance to nearest field
PAndAS-04,1.178875,47.36179722222222,1,huxor14_table1,3.872304074152539e+17,1.178847,47.361741,m368,52.02410985859552
PAndAS-06,1.5497916666666665,41.68915833333333,1,huxor14_table1,3.841617005238811e+17,1.549766,41.689172,m268,58.260174230937366
PAndAS-09,3.22775,45.098850000000006,1,huxor14_table1,3.860003631417096e+17,3.227785,45.098832,m333,36.24456647456262
PAndAS-16,6.249666666666666,39.70364166666667,1,huxor14_table1,3.801384199751497e+17,6.249698,39.703678,m206,66.54867115740296
MCGC1,6.6987083,39.7461944,1,m31rbcV5,3.7939181722020826e+17,6.698991,39.746134,m229,50.54943622767509
B,6.7175,38.74947,1,di_tullio_zinn_14_table1,3.7920898905201165e+17,6.717511,38.749474,m205,60.1220331299446
H2,7.0135833,40.0486917,1,m31rbcV5,3.7942466512957414e+17,7.013505,40.048765,m229,19.24009967919472
MCGC2,7.437425,41.2192389,1,m31rbcV5,3.817451500611725e+17,7.437459,41.219276,m253,5.060469194557758
2M002,7.440875,37.4916667,4,m31rbcV5,3.668897858961348e+17,7.440798,37.491587,m165,32.238360708529754
MCGC3,7.6136958,41.60545,1,m31rbcV5,3.818528979040717e+17,7.61382,41.605268,m253,49.62785066589461
B514,7.7909208,37.900025,1,m31rbcV5,3.6699612928626035e+17,7.790924,37.899982,m183,54.45656912269569
PAndAS-21,7.864666666666667,39.5394,1,huxor14_table1,3.806499333996307e+17,7.864676,39.539409,m207,59.749835925486714
C,7.86467,39.53942,1,di_tullio_zinn_14_table1,3.806499333996307e+17,7.864676,39.539409,m207,59.749835925486714
SD-GC7,8.0925,48.524166666666666,1,veljanoski13_table2,3.911211667470468e+17,8.092466,48.524201,m395,43.03222899248596
PA-N147-1,8.147083333333333,48.330000000000005,1,veljanoski13_table2,3.909304014783685e+17,8.147074,48.329818,m395,21.39270066428917
Hodge-I,8.300833333333333,48.50897222222222,1,veljanoski13_table2,3.909561326296836e+17,8.300713,48.508936,m395,43.20897204636309
Hodge-III,8.313333333333334,48.45641666666667,1,veljanoski13_table2,3.909527353137096e+17,8.313091,48.456436,m395,37.99878568886219
G002,8.3907417,39.5219222,1,m31rbcV5,3.8066089415533786e+17,8.390788,39.521879,m207,36.42543516596766
PA-N147-2,8.430416666666666,48.645833333333336,1,veljanoski13_table2,3.909616344859245e+17,8.430422,48.645938,m402,59.02503729420038
H9,8.5717625,37.5120611,1,m31rbcV5,3.6691637604268954e+17,8.571914,37.5119,m167,37.83784542288709
B289,8.5870083,41.7975389,1,m31rbcV5,3.8149164390952435e+17,8.587023,41.797534,m276,42.38786235605267
B290,8.5872792,41.4717167,1,m31rbcV5,3.8109770951074906e+17,8.587284,41.471693,m254,36.25500967932978
PAndAS-27,8.806375,45.17718055555555,1,huxor14_table1,3.890034729919064e+17,8.80634,45.177212,m340,50.11626844988811
MCGC5,8.9988917,35.6842722,1,m31rbcV5,3.657187716533819e+17,8.998899,35.684333,m125,51.302958166525386
B291,9.0207333,42.0359222,1,m31rbcV5,3.8150792613138394e+17,9.020734,42.03598,m276,29.3635198949542
D,9.0358,39.29165,1,di_tullio_zinn_14_table1,3.685890123980274e+17,9.035838,39.291631,m212,19.993263526083744
B292,9.0694417,40.97405,1,m31rbcV5,3.810228052810943e+17,9.069476,40.974027,m254,34.1829384910238
B293,9.0869375,40.8936806,1,m31rbcV5,3.808346169937513e+17,9.086935,40.893649,m254,41.482696832568045
B295,9.1947208,40.3283639,1,m31rbcV5,3.808012193288106e+17,9.19474,40.328408,m233,28.47774531387915
B150D,9.2496542,41.42505,1,m31rbcV5,3.8141271959185446e+17,9.249503,41.425042,m254,49.86250466406649
H11,9.3667833,44.1906694,1,m31rbcV5,3.878159961381339e+17,9.366766,44.190669,m307,50.27368554666012
B422,9.4102375,41.9998028,1,m31rbcV5,3.814635720035132e+17,9.410361,41.9999,m265,40.132154306368086
B298,9.5009458,40.7321833,1,m31rbcV5,3.811891407756456e+17,9.501053,40.732223,m249,49.587178162320605
H12,9.5160417,37.7334972,1,m31rbcV5,3.68243250349328e+17,9.516069,37.733383,m184,55.27278698873833
B301,9.5899208,40.0603222,1,m31rbcV5,3.8073397732086246e+17,9.589973,40.060299,m233,17.552594242827556
B167D,9.5936667,41.9097389,1,m31rbcV5,3.814504465845188e+17,9.593606,41.909752,m265,22.27244380603245
B302,9.6395833,41.3478583,1,m31rbcV5,3.8124219221159155e+17,9.639602,41.347927,m249,35.818746199064286
B303,9.7105292,40.4586,1,m31rbcV5,3.811231357199378e+17,9.710631,40.458583,m233,35.28455114199069
B431,9.7282125,40.5823139,1,m31rbcV5,3.811372919321944e+17,9.728176,40.582325,m233,47.98846398680545
B304,9.73725,41.1745583,1,m31rbcV5,3.81227451881536e+17,9.737295,41.174515,m249,15.655136025584554
B306,9.7862792,40.5725583,1,m31rbcV5,3.81137081474673e+17,9.786254,40.572534,m233,49.4035637209826
FJJ-IV,9.800833333333332,48.38005555555556,1,veljanoski13_table2,3.9050801721453645e+17,9.801128,48.380116,m398,44.63563817703141
FJJ-V,9.805833333333332,48.38469444444444,1,veljanoski13_table2,3.9050949468328166e+17,9.805974,48.384792,m398,44.34105477667129
FJJ-VIII,9.84875,48.312527777777774,1,veljanoski13_table2,3.905075705430093e+17,9.849031,48.31254,m398,52.937511042397304
B309,9.852525,40.2414222,1,m31rbcV5,3.8111712276572134e+17,9.852551,40.241406,m233,32.02056805494952
B310,9.8573,41.3925389,1,m31rbcV5,3.8123136889422195e+17,9.857256,41.392553,m249,34.99174574686944
B311,9.8905208,40.5207444,1,m31rbcV5,3.811244757480827e+17,9.890526,40.520728,m233,50.25397637402823
B312,9.9173958,40.9506806,1,m31rbcV5,3.811745722465508e+17,9.917383,40.950684,m249,14.63879892036486
B313,9.9358292,40.8819583,1,m31rbcV5,3.8114777165063526e+17,9.935854,40.88194,m249,22.431457062891127
B315,9.9521292,40.5251111,1,m31rbcV5,3.8112739632729216e+17,9.95207,40.525134,m233,54.32018349237729
B001,9.9625375,40.9696194,1,m31rbcV5,3.811744691650739e+17,9.962517,40.969642,m249,14.18495331566718
B317,9.9803833,41.7960889,1,m31rbcV5,3.813508720695708e+17,9.980323,41.79613,m265,12.201016537963396
B002,10.0107292,41.1982028,1,m31rbcV5,3.811786610569686e+17,10.010676,41.198226,m249,17.617607669292408
B003,10.0392042,41.1849028,1,m31rbcV5,3.8117838617769946e+17,10.03915,41.184821,m249,18.25629771928263
KHM31-37,10.0457292,40.6031583,1,m31rbcV5,3.8112949226987494e+17,10.045747,40.603186,m249,54.760030885374675
B321,10.0639375,40.4629167,1,m31rbcV5,3.6911646874009856e+17,10.064088,40.462775,m233,57.78507099445101
B004,10.074675,41.3778583,1,m31rbcV5,3.8123480486806566e+17,10.074678,41.377864,m249,37.33736910779738
B442,10.0808083,40.6247528,1,m31rbcV5,3.8112942355194e+17,10.080913,40.624732,m249,53.34551903595775
B005,10.0846625,40.7328639,1,m31rbcV5,3.811333062010684e+17,10.084628,40.732861,m249,42.291090091491405
B324,10.0853208,41.6803833,1,m31rbcV5,3.813346542794363e+17,10.085305,41.680388,m265,26.78589154526122
B327,10.1004458,40.6062556,1,m31rbcV5,3.8112863327429914e+17,10.100448,40.606242,m249,55.83362737715239
B328,10.1022042,41.6730972,1,m31rbcV5,3.8133468863281766e+17,10.102407,41.67292,m265,28.39550683975186
B330,10.1066083,41.7149111,1,m31rbcV5,3.8134802020311424e+17,10.10671,41.714915,m265,25.80975095522826
B331,10.1089625,41.7011806,1,m31rbcV5,3.8133479170741875e+17,10.109054,41.70131,m265,26.83483369528002
B006,10.1103667,41.4574194,1,m31rbcV5,3.8123542334334566e+17,10.110347,41.457402,m249,46.590574657119184
B244,10.1104,41.3098778,1,m31rbcV5,3.811867355956174e+17,10.11001,41.309783,m249,32.485166496362446
B008,10.1262042,41.2690917,1,m31rbcV5,3.811849832488256e+17,10.126159,41.269107,m249,29.97144964488759
B009,10.1279292,41.6154472,1,m31rbcV5,3.8133355476145754e+17,10.127916,41.615481,m265,34.40248707769979
B010,10.131525,41.2395944,1,m31rbcV5,3.8118412425550054e+17,10.131516,41.239618,m249,28.091448748059634
B011,10.1328292,41.6546972,1,m31rbcV5,3.81334413754913e+17,10.132827,41.654735,m265,31.62719329465154
B012,10.135275,41.3622861,1,m31rbcV5,3.8123384279539635e+17,10.135252,41.362278,m249,38.441877463449565
B448,10.1521083,40.6708806,1,m31rbcV5,3.811534066480296e+17,10.152216,40.670864,m249,50.987143483750806
B013,10.16015,41.4232556,1,m31rbcV5,3.812346330683443e+17,10.160306,41.423189,m249,45.24703778059269
B015,10.1876208,40.9989167,1,m31rbcV5,3.8116106886961344e+17,10.187615,40.998919,m249,27.777430506095747
B016,10.1881917,41.3694194,1,m31rbcV5,3.811872509901696e+17,10.188227,41.369414,m249,41.73860281065239
PHF7-1,10.1934208,40.8613611,1,m31rbcV5,3.811590072867406e+17,10.193248,40.861304,m249,36.08072073859898
B336,10.1983708,42.1450306,1,m31rbcV5,3.8138200199937446e+17,10.198302,42.144974,m265,44.34716849595149
B337,10.2019875,42.2030722,1,m31rbcV5,3.813840979429688e+17,10.20199,42.203045,m265,49.58446169142963
B017,10.2029833,41.2020028,1,m31rbcV5,3.811808600788653e+17,10.203001,41.201994,m249,30.840661184427653
B018,10.2058625,40.6921611,1,m31rbcV5,3.8115275381059546e+17,10.205874,40.69217,m249,51.20830391862373
B011D,10.21515,40.7350306,1,m31rbcV5,3.811532348506204e+17,10.215252,40.735092,m249,47.74499132429854
B021,10.2458375,41.0941889,1,m31rbcV5,3.811792795284109e+17,10.24581,41.094138,m249,31.254233931082737
B022,10.2461958,41.4116944,1,m31rbcV5,3.812811561604641e+17,10.246175,41.411716,m249,48.44543368626326
B339,10.2529542,39.931725,1,m31rbcV5,3.6908482342331776e+17,10.252957,39.931708,m228,53.70196498270216
B014D,10.2543708,41.1091083,1,m31rbcV5,3.8117944703502016e+17,10.254365,41.109074,m249,32.10196155430999
BH12,10.2620792,40.5828694,1,m31rbcV5,3.691416200708819e+17,10.262034,40.582874,m228,63.49683118138312
B200D,10.2785583,40.5746611,1,m31rbcV5,3.6914155135291456e+17,10.278528,40.574682,m228,61.86654450297523
B248,10.2833083,40.883625,1,m31rbcV5,3.811565677452238e+17,10.283072,40.883564,m249,40.62006685654406
B341,10.28815,40.598025,1,m31rbcV5,3.691416887903562e+17,10.288157,40.598032,m228,63.17193377842841
B024,10.2994208,41.7636583,1,m31rbcV5,3.813416293002026e+17,10.299378,41.763676,m265,38.497883986295726
B025,10.3023375,41.0078278,1,m31rbcV5,3.811663259095859e+17,10.302291,41.00781,m249,36.80020192013216
B027,10.310525,40.9308139,1,m31rbcV5,3.8116258069819546e+17,10.310537,40.930826,m249,40.16381861321444
B026,10.3106458,41.4111639,1,m31rbcV5,3.812807094902076e+17,10.310583,41.411184,m249,52.030306801282826
B028,10.3186792,40.98425,1,m31rbcV5,3.8116611975116134e+17,10.318697,40.984223,m249,38.77474370449344
B020D,10.321825,41.1358861,1,m31rbcV5,3.81169280847056e+17,10.321871,41.135907,m249,38.11196565986664
B029,10.3243417,41.0063444,1,m31rbcV5,3.811661541122701e+17,10.324268,41.006352,m249,38.63679466761222
B030,10.328025,40.9543417,1,m31rbcV5,3.811627181383859e+17,10.328033,40.954342,m249,40.541932751755326
B032,10.3396417,41.2917444,1,m31rbcV5,3.812765863152672e+17,10.339644,41.291727,m249,45.671990759702645
B033,10.3600125,41.0039333,1,m31rbcV5,3.8116622283037414e+17,10.359998,41.003847,m249,41.628455285081856
B034,10.3671375,40.8971167,1,m31rbcV5,3.811616186254584e+17,10.367163,40.897134,m249,46.06353814052393
B035,10.385775,41.6424167,1,m31rbcV5,3.813370594550299e+17,10.385768,41.642395,m265,49.9425171423831
B036,10.3868,41.434775,1,m31rbcV5,3.8128207957158374e+17,10.386745,41.434778,m249,58.426383986290006
B037,10.3958208,41.2486611,1,m31rbcV5,3.8127558988938035e+17,10.395779,41.248635,m249,47.65573578863369
B038,10.3998208,41.3208083,1,m31rbcV5,3.812763801491766e+17,10.39981,41.320783,m249,51.64454615271919
B039,10.4078375,41.3472611,1,m31rbcV5,3.8127651759610816e+17,10.407829,41.347232,m249,53.78902319050648
B040,10.4119792,40.6817639,1,m31rbcV5,3.6914399089281306e+17,10.411846,40.681759,m249,63.172202547498294
PHF8-1,10.4146,40.6759389,1,m31rbcV5,3.691439908942861e+17,10.414545,40.675875,m228,63.76564114351149
B206D,10.4190875,40.8352278,1,m31rbcV5,3.6915155003584525e+17,10.419232,40.835172,m249,53.19639290010799
B042,10.423625,41.1239694,1,m31rbcV5,3.811686623718811e+17,10.423661,41.123964,m249,46.37973478030623
B043,10.4262875,40.7110611,1,m31rbcV5,3.6914419705257984e+17,10.42625,40.711104,m249,61.83763333441687
B044,10.4288042,41.3351028,1,m31rbcV5,3.812764488766368e+17,10.428798,41.335053,m249,54.5372515903846
B343,10.4295917,40.20625,1,m31rbcV5,3.690961964968421e+17,10.429637,40.206216,m228,31.06777787986362
B045,10.4296167,41.5722194,1,m31rbcV5,3.8128902453272435e+17,10.429617,41.572251,m265,56.95873128704623
B048,10.4396292,41.2252,1,m31rbcV5,3.812635983370944e+17,10.439632,41.225172,m249,50.14187940567331
B047,10.4398667,41.7011528,1,m31rbcV5,3.813377122819195e+17,10.439724,41.700878,m265,51.612304544842566
B049,10.4399792,40.8317639,1,m31rbcV5,3.6915137823546266e+17,10.439889,40.831902,m249,54.8793594468349
B050,10.4427792,41.5384667,1,m31rbcV5,3.812887153031777e+17,10.442827,41.538453,m265,59.94507069333819
B054,10.4486167,41.0153167,1,m31rbcV5,3.8116456926931494e+17,10.448652,41.015358,m249,48.73433708215445
B055,10.4599667,41.2034667,1,m31rbcV5,3.8126277370338726e+17,10.45995,41.203436,m249,51.048629558033454
B035D,10.4602583,41.3342389,1,m31rbcV5,3.812776514735977e+17,10.459975,41.334359,m249,56.736691556763255
B254,10.46055,41.2739111,1,m31rbcV5,3.812643198954212e+17,10.460547,41.273932,m249,53.742076464739725
B056,10.46315,40.9611278,1,m31rbcV5,3.811635084110573e+17,10.463189,40.961137,m249,51.15280701441453
B057,10.4701375,40.8679806,1,m31rbcV5,3.6915189363262195e+17,10.470082,40.868087,m249,55.261954377781734
B058,10.4708667,40.7860139,1,m31rbcV5,3.691504848838977e+17,10.470845,40.78602,m249,59.773760003615806
B059,10.4754167,41.1835833,1,m31rbcV5,3.812627049875702e+17,10.475425,41.183545,m248,51.0461047451566
B060,10.487525,41.0873333,1,m31rbcV5,3.812590284919283e+17,10.487534,41.087374,m248,48.731630363281994
B255,10.4998625,40.8093806,1,m31rbcV5,3.6915069104063936e+17,10.500066,40.809433,m248,56.38869207695614
B061,10.5005542,41.4932528,1,m31rbcV5,3.812854511280484e+17,10.500552,41.493261,m266,62.42852263416906
B063,10.5036333,41.4859806,1,m31rbcV5,3.812853781065677e+17,10.50361,41.485982,m266,62.75771432726519
B064,10.5080333,41.1854167,1,m31rbcV5,3.8126284242287744e+17,10.508008,41.185418,m248,48.442999498049865
B065,10.5080625,40.6702778,1,m31rbcV5,3.691459837576443e+17,10.508066,40.670248,m228,59.59816973350883
B344,10.5123708,41.8672778,1,m31rbcV5,3.813638256911713e+17,10.512365,41.867241,m266,46.911550583374655
B066,10.5128708,40.7464222,1,m31rbcV5,3.691471863498166e+17,10.512813,40.746414,m248,59.57824017035778
B067,10.5132042,41.0732278,1,m31rbcV5,3.812582038582089e+17,10.513246,41.073254,m248,46.576554817963135
B068,10.5133625,40.9805917,1,m31rbcV5,3.811638863682529e+17,10.513343,40.980595,m248,47.86072549318451
B257,10.5136833,40.9705361,1,m31rbcV5,3.691542300950552e+17,10.513699,40.970515,m248,48.10349443043235
B461,10.5177042,42.0573972,1,m31rbcV5,3.8137255306466176e+17,10.517708,42.057365,m266,51.67621928944801
B041D,10.5196667,41.2798167,1,m31rbcV5,3.81264835285089e+17,10.51969,41.279739,m248,51.10074188582008
B070,10.5287208,41.1323361,1,m31rbcV5,3.8125920029061824e+17,10.528768,41.132314,m248,45.639810403673195
B071,10.529725,41.20335,1,m31rbcV5,3.8126294550218406e+17,10.529635,41.203347,m248,47.22830805465005
B072,10.5309083,41.379925,1,m31rbcV5,3.812665876317166e+17,10.5309,41.379896,m248,56.074998526293015
B074,10.5335042,41.7226722,1,m31rbcV5,3.8129218564287066e+17,10.533505,41.722688,m266,47.423091144376144
B075,10.5367667,41.3392361,1,m31rbcV5,3.812661753148703e+17,10.536685,41.339272,m248,53.10675015048312
MITA140,10.5395583,41.2960028,1,m31rbcV5,3.8126497272403904e+17,10.53956,41.295992,m248,50.44515461843393
B076,10.5427042,41.0894583,1,m31rbcV5,3.812583412971616e+17,10.542654,41.08945,m248,44.11766098419377
B077,10.5463708,41.1261111,1,m31rbcV5,3.812595095282643e+17,10.54639,41.126089,m248,44.09059670333301
B078,10.5506292,41.2996667,1,m31rbcV5,3.812649727240383e+17,10.550646,41.29967,m248,49.8318050212781
B080,10.5515375,41.3169139,1,m31rbcV5,3.8126535068728384e+17,10.551599,41.316844,m248,50.72705067245449
B081,10.5566083,40.8108222,1,m31rbcV5,3.691492822939922e+17,10.556628,40.810775,m248,52.33922768399819
B345,10.5588417,40.293475,1,m31rbcV5,3.69119698557873e+17,10.558855,40.293451,m228,23.577027433788125
B462,10.5613292,42.026875,1,m31rbcV5,3.8136640267771686e+17,10.561353,42.02683,m266,46.970931121958955
B538,10.56375,41.3271139,1,m31rbcV5,3.812653807375511e+17,10.564114,41.327165,m248,50.452722552839305
B083,10.5685,41.7557667,1,m31rbcV5,3.8129263231946816e+17,10.568431,41.755705,m266,43.61709962439587
B085,10.5760083,40.6658722,1,m31rbcV5,3.691458119593485e+17,10.575999,40.665833,m228,57.04029219213355
B087,10.5825,41.6378778,1,m31rbcV5,3.812880281083886e+17,10.582485,41.637871,m266,47.554078425972406
B051D,10.5856208,41.0771972,1,m31rbcV5,3.8125841002033024e+17,10.58562,41.077128,m248,40.50508112203778
B088,10.5877625,41.5372778,1,m31rbcV5,3.8128527932128435e+17,10.587756,41.537265,m266,53.727563866108966
B090,10.5879833,41.04935,1,m31rbcV5,3.69248410141503e+17,10.587794,41.049285,m248,40.46469779844493
B091,10.5904583,41.3681667,1,m31rbcV5,3.812721539154551e+17,10.590469,41.368154,m248,51.3380057250763
B092,10.593225,41.1357417,1,m31rbcV5,3.812588566969211e+17,10.593207,41.135766,m248,40.35031570316197
B347,10.5953833,41.9076611,1,m31rbcV5,3.813186426352077e+17,10.59538,41.907628,m266,40.46572866439107
B093,10.5963917,41.3621028,1,m31rbcV5,3.812713936918175e+17,10.596458,41.362107,m248,50.5281882645053
H17,10.5987,37.2430806,1,m31rbcV5,3.674309818394903e+17,10.59869,37.242972,m169,44.13595378905909
B094,10.6043458,40.9548917,1,m31rbcV5,3.6924706581414285e+17,10.604329,40.954895,m248,41.33807328655621
B096,10.6086667,41.320775,1,m31rbcV5,3.812652476019432e+17,10.608659,41.320777,m248,46.96873199315756
B098,10.6141458,40.9932944,1,m31rbcV5,3.692480321819208e+17,10.614133,40.993325,m248,39.30669246367864
B097,10.6143958,41.4256056,1,m31rbcV5,3.812723944274939e+17,10.61443,41.425602,m248,54.127395903552525
B350,10.6185083,40.4142,1,m31rbcV5,3.691226878529623e+17,10.618543,40.414133,m228,29.94121962733102
B100,10.6205167,40.8321389,1,m31rbcV5,3.6914917921484454e+17,10.620712,40.832196,m248,46.56674225241458
B101,10.6209458,41.1377139,1,m31rbcV5,3.812601280035551e+17,10.620961,41.137677,m248,38.09091346911811
B104,10.6248833,41.2904333,1,m31rbcV5,3.8126218957730944e+17,10.624703,41.290459,m248,43.990091907493486
B105,10.6281125,41.5075944,1,m31rbcV5,3.8128497009783936e+17,10.628167,41.507594,m266,53.54564694118259
B106,10.6293167,41.2051083,1,m31rbcV5,3.8126057468014554e+17,10.629323,41.205077,m248,39.39102971391949
B108,10.6298917,41.1476056,1,m31rbcV5,3.812601623632927e+17,10.629951,41.147596,m248,37.55528025983042
B107,10.6302292,41.3274639,1,m31rbcV5,3.8127105439772595e+17,10.630204,41.327456,m248,45.94430443267125
B109,10.6340292,41.1744083,1,m31rbcV5,3.8126047160093606e+17,10.634017,41.174422,m248,37.93975976000837
NB16,10.6378917,41.3378917,1,m31rbcV5,3.8127108875746176e+17,10.637938,41.338016,m248,46.15081259736916
B111,10.6382125,41.0073167,1,m31rbcV5,3.692473106274134e+17,10.638216,41.007318,m248,36.98067733455255
B112,10.6385125,41.2951056,1,m31rbcV5,3.8126222394497536e+17,10.638533,41.295094,m248,43.29968134404396
B117,10.6433,40.9525139,1,m31rbcV5,3.6924689831056346e+17,10.643257,40.952565,m248,38.36911970906328
B115,10.64335,41.2338528,1,m31rbcV5,3.812617386097541e+17,10.643346,41.233873,m248,39.57489639172793
B116,10.6439333,41.5475472,1,m31rbcV5,3.81286550639668e+17,10.643906,41.547606,m266,49.48801229151588
B064D,10.64805,41.2428389,1,m31rbcV5,3.812617429115789e+17,10.648048,41.242835,m248,39.66686324605275
B119,10.6503375,41.2931639,1,m31rbcV5,3.812621552280672e+17,10.650401,41.293182,m248,42.35778039361596
B351,10.658275,42.1918778,1,m31rbcV5,3.813281259147457e+17,10.658176,42.191942,m266,51.30417794899738
B352,10.6591375,42.037,1,m31rbcV5,3.813255833023256e+17,10.659078,42.036969,m266,40.31143115297596
B122,10.6671083,41.5629361,1,m31rbcV5,3.812866193510712e+17,10.667102,41.563002,m266,46.909346945215674
B123,10.6694458,41.1759194,1,m31rbcV5,3.812606090399644e+17,10.669412,41.175943,m248,35.1548422638903
SK053A,10.6700292,40.2980111,1,m31rbcV5,3.6907424062530675e+17,10.670049,40.298024,m228,16.77693195029407
B125,10.6760833,41.0919306,1,m31rbcV5,3.692501968478962e+17,10.676105,41.091951,m248,32.94866615332863
B126,10.6820042,41.2118611,1,m31rbcV5,3.8126081519831424e+17,10.68204,41.211882,m248,35.60749102227204
SK054A,10.6878083,41.1375278,1,m31rbcV5,3.692505404452681e+17,10.687787,41.137517,m248,32.58595535514342
B128,10.69915,41.1871528,1,m31rbcV5,3.8126064339124506e+17,10.69918,41.187156,m248,33.21990040829735
B129,10.7013625,41.4184417,1,m31rbcV5,3.8127184467168525e+17,10.701365,41.418499,m248,48.68519795956869
B130,10.7035958,41.4979028,1,m31rbcV5,3.8127449037151514e+17,10.703565,41.497952,m266,50.214461410664825
AU008,10.7040083,41.3031278,1,m31rbcV5,3.812678932950954e+17,10.703986,41.303114,m248,39.42040744826236
B262,10.7085417,41.3244778,1,m31rbcV5,3.812679963810153e+17,10.708553,41.324487,m248,40.677516690225424
BH18,10.7113208,41.1759611,1,m31rbcV5,3.692511245583341e+17,10.711346,41.175947,m248,31.830729845328424
B132,10.7141958,41.26135,1,m31rbcV5,3.812669655907667e+17,10.714274,41.261291,m248,35.94989994390804
B134,10.715325,41.2342833,1,m31rbcV5,3.812667250733088e+17,10.715178,41.234338,m248,34.28780521172542
B135,10.7165958,41.5188778,1,m31rbcV5,3.8127490269111066e+17,10.716561,41.518946,m266,47.71442284614536
B264,10.7216208,41.2706667,1,m31rbcV5,3.8126706867064294e+17,10.721573,41.270681,m248,36.05323918639995
B137,10.7249583,41.5372667,1,m31rbcV5,3.8127493274622835e+17,10.724978,41.537307,m266,45.69175918697051
B138,10.7317292,41.3096778,1,m31rbcV5,3.8126754540570406e+17,10.731706,41.309742,m248,38.14364559771894
PHF4-2,10.740875,41.3067778,1,johnson12_table8,3.81267480987515e+17,10.740841,41.306716,m248,37.35330253533624
AU010,10.7421792,41.2812417,1,m31rbcV5,3.812668968719763e+17,10.742169,41.281314,m248,35.41630822678735
B140,10.7447958,41.147975,1,m31rbcV5,3.6925078096343616e+17,10.744715,41.147907,m248,28.219455147224856
B143,10.7485458,41.322025,1,m31rbcV5,3.812675840641577e+17,10.748511,41.322015,m248,38.07080037075137
B144,10.7494292,41.2682083,1,m31rbcV5,3.812668968719813e+17,10.74941,41.268264,m248,34.03611846844351
B091D,10.756025,41.5047639,1,m31rbcV5,3.812741124143941e+17,10.75598,41.504829,m266,47.0064547138804
B145,10.7565875,41.2074694,1,m31rbcV5,3.6925700007358976e+17,10.756554,41.207466,m248,29.806102122614973
B265,10.758025,40.8838472,1,m31rbcV5,3.6924301566037146e+17,10.758105,40.883968,m248,33.91182341429531
B146,10.7621708,41.2562528,1,m31rbcV5,3.6925720623200934e+17,10.7622,41.25626,m248,32.37338852535578
B147,10.7637792,41.3559806,1,m31rbcV5,3.812677215031021e+17,10.763755,41.356021,m248,40.01365019277421
B266,10.7646958,41.6753389,1,m31rbcV5,3.81311186572047e+17,10.764629,41.675412,m266,32.62129756369416
BH23,10.7656792,41.3411056,1,m31rbcV5,3.812677215031071e+17,10.765762,41.341158,m248,38.646583296125144
B148,10.7661,41.3013111,1,m31rbcV5,3.8126730488754304e+17,10.766068,41.301323,m248,35.41019035048716
SK118C,10.77185,41.2412694,1,johnson12_table8,3.6925713751253606e+17,10.771876,41.241248,m248,30.727530331537896
B149,10.7727917,41.5741972,1,m31rbcV5,3.812985421883562e+17,10.772782,41.574238,m266,39.992349100672165
B268,10.7799667,41.1966139,1,m31rbcV5,3.6925672089794714e+17,10.779952,41.196752,m248,27.51740354698927
B150,10.7813167,41.33875,1,m31rbcV5,3.812676484849285e+17,10.781274,41.338801,m248,37.606440677386715
SK059A,10.7910917,41.3169167,1,m31rbcV5,3.8126744662777574e+17,10.791034,41.316883,m248,35.225776988495014
B152,10.7917333,41.3043861,1,m31rbcV5,3.8126734354856806e+17,10.791693,41.30445,m248,34.163213261515146
B356,10.7931542,41.8420083,1,m31rbcV5,3.813145881922797e+17,10.793124,41.841983,m266,23.662859706629025
B153,10.7942542,41.2475861,1,m31rbcV5,3.692575154696572e+17,10.794243,41.247581,m248,29.672548929287533
B154,10.8018958,41.2680222,1,m31rbcV5,3.692575498318011e+17,10.801875,41.268024,m248,30.68883645661935
B357,10.8051333,40.1823306,1,m31rbcV5,3.690689835844147e+17,10.805118,40.182328,m228,0.9817081606899182
B155,10.8058417,41.0578389,1,m31rbcV5,3.692463485547337e+17,10.80576,41.05784,m248,22.17903674572727
B156,10.8072375,41.0215722,1,m31rbcV5,3.692462454755263e+17,10.807192,41.021607,m248,22.846223759000367
B157,10.8083875,41.1887861,1,m31rbcV5,3.692560723572243e+17,10.808269,41.188797,m248,25.014663398957833
B159,10.811025,41.4203806,1,m31rbcV5,3.8127050464189274e+17,10.811003,41.420412,m248,43.671031037934824
B160,10.8122417,41.0265194,1,m31rbcV5,3.692462454779976e+17,10.812207,41.026505,m248,22.293523515894694
B161,10.8142333,41.1903194,1,m31rbcV5,3.692560380009217e+17,10.814224,41.190257,m248,24.661709692747543
B162,10.818375,41.4012361,1,m31rbcV5,3.8126937077664896e+17,10.81834,41.401259,m248,41.52086322472379
B098D,10.8225,41.5250028,1,m31rbcV5,3.8129747704260685e+17,10.82229,41.524869,m266,42.161767754426336
B358,10.8244208,39.8203278,1,m31rbcV5,3.690251405564115e+17,10.824397,39.820299,m228,40.12621803987514
B164,10.8256833,41.2081528,1,m31rbcV5,3.692564846775164e+17,10.825531,41.20811,m248,24.934362196412447
B165,10.8259,41.1818778,1,m31rbcV5,3.69256033703151e+17,10.82592,41.181847,m248,23.34827879841949
B167,10.8380167,41.2355917,1,m31rbcV5,3.69256622116465e+17,10.838004,41.235608,m248,26.02576108400264
B168,10.8438583,41.7348778,1,m31rbcV5,3.813012222479085e+17,10.843822,41.734896,m266,23.423167912816492
B169,10.8458375,41.2570417,1,m31rbcV5,3.69257412390442e+17,10.845812,41.257048,m248,27.224639113594872
B170,10.8478667,40.844875,1,m31rbcV5,3.692302338375145e+17,10.847876,40.844869,m248,31.95605865777931
B171,10.8566875,41.2603139,1,m31rbcV5,3.692581339449476e+17,10.856668,41.260304,m248,26.8800967388959
B172,10.8583583,41.3587806,1,m31rbcV5,3.6925978321237555e+17,10.8583,41.358795,m248,35.76477575298886
B173,10.8699917,41.3769583,1,m31rbcV5,3.692598132748211e+17,10.869822,41.376946,m248,37.09117128103564
B174,10.8762625,41.6489306,1,m31rbcV5,3.812999165840184e+17,10.876244,41.648955,m266,28.14928685484804
B176,10.8769917,40.8196944,1,m31rbcV5,3.692299933160232e+17,10.876943,40.819695,m248,33.01763402179856
B177,10.8771292,41.0950917,1,m31rbcV5,3.6925243023089254e+17,10.87709,41.09507,m248,16.172217240798226
B179,10.8796292,41.3040667,1,m31rbcV5,3.6925902729813786e+17,10.879612,41.304059,m248,29.62850009740478
B180,10.8822208,41.1295417,1,m31rbcV5,3.692525333076265e+17,10.882197,41.129529,m248,16.623530034508608
B181,10.8852333,41.4853139,1,m31rbcV5,3.8129352136417626e+17,10.885212,41.485391,m266,43.83663270953996
H18,10.9001208,44.9831389,1,m31rbcV5,3.880981969656671e+17,10.900287,44.983133,m327,26.21360563942928
B182,10.9028,41.1367111,1,m31rbcV5,3.692528769050088e+17,10.902768,41.136694,m248,15.329534808547283
B183,10.9039083,41.0339806,1,m31rbcV5,3.692512276375913e+17,10.903876,41.03397,m248,14.70547255596441
B185,10.9053583,41.2454333,1,m31rbcV5,3.69257893426785e+17,10.905341,41.245421,m248,23.030883080805935
B184,10.9063125,41.6096222,1,m31rbcV5,3.81296686762481e+17,10.906257,41.609602,m266,30.53108503179251
B187,10.9109375,41.4963472,1,m31rbcV5,3.8129349129881485e+17,10.910926,41.496427,m266,41.94043610770643
B188,10.9229042,41.40715,1,m31rbcV5,3.6928335399289114e+17,10.92296,41.407102,m248,38.484300186700494
B189,10.9266458,41.5897833,1,m31rbcV5,3.812964118765212e+17,10.92667,41.589816,m266,31.783834872547907
B190,10.9307792,41.5682667,1,m31rbcV5,3.8129486139458765e+17,10.930744,41.568331,m266,33.86724258023135
B194,10.9383042,41.102425,1,m31rbcV5,3.692518461128663e+17,10.938282,41.102382,m248,11.250802523406817
B193,10.9395958,41.6159667,1,m31rbcV5,3.812967554819574e+17,10.939583,41.616001,m266,28.68545399824402
B103D,10.948075,41.4521861,1,m31rbcV5,3.69283594511056e+17,10.948051,41.45222,m248,42.72699394624256
B472,10.9517583,41.44805,1,m31rbcV5,3.692835945110564e+17,10.951755,41.448085,m248,42.20757892774176
SK073A,10.9522083,41.1300583,1,m31rbcV5,3.692521897104883e+17,10.952169,41.130077,m248,11.314850504519766
B196,10.9523875,40.7102389,1,m31rbcV5,3.69225560909804e+17,10.952415,40.710254,m248,42.13820399209739
B104D,10.9546167,41.2378167,1,m31rbcV5,3.692549384892883e+17,10.954624,41.237678,m248,20.08376943335022
B197,10.9570667,41.502725,1,m31rbcV5,3.81293800550607e+17,10.9571,41.502802,m266,40.142004075637225
B199,10.9576042,40.9708056,1,m31rbcV5,3.692383427357151e+17,10.957635,40.97072,m248,15.218624537081132
B198,10.9588583,41.5312472,1,m31rbcV5,3.812940410626496e+17,10.958741,41.531285,m266,37.04743622613842
B106D,10.9768667,41.2538111,1,m31rbcV5,3.692553508033221e+17,10.976816,41.253755,m248,20.91893609744375
B202,10.9777667,41.0089917,1,m31rbcV5,3.692392661504293e+17,10.977905,41.008963,m248,10.888573748211686
B203,10.9826458,41.5431139,1,m31rbcV5,3.8129534673544e+17,10.982532,41.543089,m266,35.28688817451518
B204,10.9851167,41.3674417,1,m31rbcV5,3.692823919202231e+17,10.985087,41.367469,m248,32.848786268829805
B361,10.9879167,40.2336806,1,m31rbcV5,3.690637265444425e+17,10.987877,40.233696,m228,17.51104876508569
B205,10.9923833,41.4105861,1,m31rbcV5,3.6928286865934835e+17,10.992353,41.410641,m248,37.44384110433682
B110D,10.9964292,41.6115,1,m31rbcV5,3.812961370130826e+17,10.996326,41.611522,m266,27.621024024367827
B207,10.9977375,41.1029917,1,m31rbcV5,3.6924164127304614e+17,10.997716,41.102957,m248,6.536393091112469
B208,11.0002792,41.3865667,1,m31rbcV5,3.692824262764535e+17,11.000291,41.386551,m248,34.69189023758041
M009,11.0034375,41.2866972,1,m31rbcV5,3.69255488245093e+17,11.003474,41.286798,m248,23.76131619444955
G260,11.0035708,42.5801333,1,m31rbcV5,3.8736496014954304e+17,11.003504,42.580131,m285,21.84315576147732
B209,11.0109583,41.4240472,1,m31rbcV5,3.6928290731653504e+17,11.010923,41.424087,m248,38.6929377437028
B211,11.0121875,41.3346111,1,m31rbcV5,3.6927916210482e+17,11.012172,41.334649,m248,28.83613842870456
B212,11.0128292,41.0822972,1,m31rbcV5,3.692398889239224e+17,11.012791,41.082315,m248,4.714584965294534
B213,11.0146333,41.5107361,1,m31rbcV5,3.692855873761069e+17,11.014634,41.510736,m266,38.34193485393538
B215,11.0266667,41.528775,1,m31rbcV5,3.692856904553183e+17,11.026598,41.5288,m266,36.22205238326029
B216,11.0365875,41.6320306,1,m31rbcV5,3.812962400922966e+17,11.036628,41.632209,m266,24.711552490326707
G268,11.0417167,42.782725,1,m31rbcV5,3.873738249612737e+17,11.041782,42.782721,m285,13.169077541375843
B217,11.0441625,41.3975111,1,m31rbcV5,3.692826667983749e+17,11.044169,41.397528,m248,35.49551401905062
H19,11.0621667,38.4283167,1,m31rbcV5,3.6759704245603315e+17,11.062104,38.428376,m186,26.56588385853787
B219,11.0626875,40.9464917,1,m31rbcV5,3.692353190787455e+17,11.062649,40.946454,m248,14.730869790500137
B363,11.0717708,40.5597583,1,m31rbcV5,3.691737807841194e+17,11.071781,40.559747,m228,48.3080629081332
G273,11.0727083,42.9510389,4,m31rbcV5,3.87470444546251e+17,11.072805,42.951381,m285,26.592594262921956
B220,11.081125,41.509625,1,m31rbcV5,3.6928507198244186e+17,11.080954,41.50965,m266,38.09506047744063
B112D,11.0884792,41.3194083,1,m31rbcV5,3.692784749105125e+17,11.088209,41.319495,m248,26.807559735957348
B221,11.0960958,41.5517611,1,m31rbcV5,3.6928596103604454e+17,11.09609,41.551758,m266,33.44432985530766
B279,11.11665,41.7362111,1,m31rbcV5,3.8130287152179686e+17,11.116671,41.736267,m266,13.279111611118982
B228,11.1383417,41.6910056,1,m31rbcV5,3.813025279244146e+17,11.138342,41.691049,m266,18.59897934669021
B229,11.140825,41.6412056,1,m31rbcV5,3.692926998422186e+17,11.140866,41.641257,m266,24.024872775495655
DAO69,11.145,41.8909,1,m31rbcV5,3.87310740480491e+17,11.144508,41.891047,m266,6.965799889798944
B230,11.1466,40.9534083,1,m31rbcV5,3.692360749932205e+17,11.146606,40.953416,m248,15.397751755004254
B365,11.1518542,42.2890472,1,m31rbcV5,3.873256182491521e+17,11.151853,42.289038,m266,48.94578850622101
B231,11.1606167,41.4630889,1,m31rbcV5,3.692818421646424e+17,11.160811,41.463025,m248,43.404227732055304
B232,11.167625,41.2501167,1,m31rbcV5,3.692661397642533e+17,11.16763,41.250142,m248,20.764310815463407
B233,11.1754375,41.7317778,1,m31rbcV5,3.813040741089728e+17,11.175451,41.731807,m266,15.620165222934022
B281,11.1784542,41.3357111,1,m31rbcV5,3.692798149427041e+17,11.178401,41.335688,m248,29.99354353960323
PAndAS-36,11.189874999999995,43.44299722222222,1,huxor14_table1,3.8750635047293875e+17,11.18987,43.442997,m306,41.954507370186576
B234,11.1932292,41.4882694,1,m31rbcV5,3.692875458812068e+17,11.193268,41.488259,m266,41.58121749399905
B283,11.23085,41.2834389,1,m31rbcV5,3.6926696440043725e+17,11.23083,41.283324,m248,26.470944553308975
B235,11.2413208,41.4899222,1,m31rbcV5,3.692868586888467e+17,11.241344,41.489942,m266,42.49683188139672
B256D,11.2445792,41.9101944,1,m31rbcV5,3.873103281649016e+17,11.244633,41.910213,m266,15.192122985329911
M059,11.2669583,41.7724194,1,m31rbcV5,3.6929486450801766e+17,11.266932,41.77247,m266,17.962604532689678
B236,11.2871,40.8413056,1,m31rbcV5,3.6918459980647066e+17,11.287097,40.841329,m248,32.14642638171115
B237,11.2884792,41.37625,1,m31rbcV5,3.692742830246286e+17,11.288483,41.376237,m248,37.82675271376274
WH28,11.3059167,41.6267222,1,m31rbcV5,3.692901228615543e+17,11.305842,41.6266,m266,31.391714896271612
B370,11.3099042,41.9613194,1,m31rbcV5,3.753026647574455e+17,11.309944,41.961312,m266,22.672530391161892
B238,11.3111458,41.3269167,1,m31rbcV5,3.6926737671722534e+17,11.311178,41.326926,m248,34.23346868331127
B239,11.3149542,41.5880917,1,m31rbcV5,3.692898136239191e+17,11.314956,41.588091,m266,35.326806578338065
B240,11.3543333,41.1061583,1,m31rbcV5,3.6921518427227674e+17,11.354326,41.106142,m248,24.115072693485637
B533,11.36,41.943925,1,m31rbcV5,3.7530248866281664e+17,11.359979,41.943879,m266,25.4305238509162
B372,11.3889875,42.0067139,1,m31rbcV5,3.753081923794258e+17,11.389097,42.006787,m266,30.91368265266826
B373,11.4243833,41.7593111,1,m31rbcV5,3.752960676880476e+17,11.424359,41.759299,m266,30.475550162540515
SK104A,11.4346292,41.9577222,1,m31rbcV5,3.7530750948066394e+17,11.434618,41.957701,m266,31.7213274804984
B374,11.4355,41.6986278,1,m31rbcV5,3.752946245798925e+17,11.43557,41.698554,m266,34.190214690116726
B375,11.4398333,41.6617083,1,m31rbcV5,3.7529431534104384e+17,11.439904,41.661736,m266,36.70949990292344
B480,11.4398917,41.7645806,1,m31rbcV5,3.752959646096854e+17,11.439827,41.764591,m266,31.496435736193593
B377,11.451175,40.634525,1,m31rbcV5,3.6916690884227315e+17,11.451184,40.634552,m235,48.3922290103236
B376,11.4516083,41.7110778,1,m31rbcV5,3.752949638795854e+17,11.451513,41.711135,m266,34.68392835751539
B270D,11.45508333333333,41.03036111111111,1,huxor14_table2,3.6921088930300864e+17,11.45509,41.030383,m248,32.831540551128995
B484,11.4745667,41.7936167,1,m31rbcV5,3.752975107980864e+17,11.474556,41.793533,m266,33.4644486620564
B483,11.4747208,42.0383389,1,m31rbcV5,3.753096397857421e+17,11.474612,42.038332,m266,38.75052425204556
B379,11.4951583,40.7087139,1,m31rbcV5,3.691705166124612e+17,11.495128,40.708723,m235,46.795448121588905
B380,11.5259917,42.0147583,1,m31rbcV5,3.753064099693005e+17,11.525875,42.014697,m266,41.18304566360851
B381,11.5272792,41.3496833,1,m31rbcV5,3.692711219263099e+17,11.527271,41.349688,m248,48.757661269916746
B486,11.5359167,40.9676778,1,m31rbcV5,3.6920965235442176e+17,11.535684,40.967703,m248,41.066472567148494
B382,11.5430833,41.6278722,1,m31rbcV5,3.7528194583650176e+17,11.543078,41.627885,m266,45.91741731022032
B383,11.5497833,41.3281889,1,m31rbcV5,3.6922418652370355e+17,11.549789,41.328198,m248,48.86328470166223
B384,11.5914,40.2832222,1,m31rbcV5,3.689700275364823e+17,11.591381,40.283235,m232,45.47556416729662
B386,11.6125667,42.0313194,1,m31rbcV5,3.7530589027749965e+17,11.61256,42.031318,m266,48.455146130062346
B387,11.63965,40.7370722,1,m31rbcV5,3.691906514191432e+17,11.639598,40.73706,m235,37.04442839735028
G327,11.7062042,42.7463139,1,m31rbcV5,3.754453263904737e+17,11.706204,42.746349,m279,43.68744046885034
B391,11.7421125,41.5656972,1,m31rbcV5,3.752323303743113e+17,11.742094,41.565782,m257,35.04457231864867
B393,11.7550167,41.401775,1,m31rbcV5,3.7522882567808026e+17,11.754912,41.401813,m257,38.2930383259455
B396,11.854825,40.3617056,1,m31rbcV5,3.689829811578401e+17,11.85481,40.36167,m235,26.698569421600563
B397,11.8634583,41.2028917,1,m31rbcV5,3.75211061695211e+17,11.863452,41.202907,m257,46.92605105560533
B398,11.990775,41.8126833,1,m31rbcV5,3.7526472730994304e+17,11.990749,41.812621,m257,31.53300529703167
B399,11.9981625,41.5912167,1,m31rbcV5,3.752359381468402e+17,11.99807,41.591295,m257,14.1733149156359
B400,12.0060042,42.4258222,1,m31rbcV5,3.754211371348462e+17,12.005999,42.425819,m279,19.918711413370577
B401,12.03545,41.6783139,1,m31rbcV5,3.752367928424562e+17,12.035493,41.678289,m257,16.906190046260114
PAndAS-37,12.110541666666666,37.92837222222222,1,huxor14_table1,3.6769947312985536e+17,12.110548,37.928332,m188,31.24076865745513
B402,12.1501917,42.0262611,1,m31rbcV5,3.752729092253595e+17,12.150229,42.026226,m257,51.85523769449209
SK255B,12.26258333333333,41.91605555555555,1,huxor14_table2,3.75268648616863e+17,12.262661,41.916022,m257,40.440270295180795
B403,12.3234458,41.5856056,1,m31rbcV5,3.7524342856881894e+17,12.323427,41.585629,m257,13.627451296595565
B405,12.4158417,41.5915833,1,m31rbcV5,3.7524435628002496e+17,12.415832,41.591604,m257,21.303748563438777
B344D,12.466925,41.6107944,1,m31rbcV5,3.7524425320253926e+17,12.466954,41.610766,m257,25.883762656266416
G353,12.5758833,42.5955972,1,m31rbcV5,3.753965012031608e+17,12.57572,42.595619,m279,33.24919123675288
MGC1,12.6769125,32.9163278,1,m31rbcV5,3.612749236096297e+17,12.676908,32.916284,m080,63.36246431799323
EXT8,13.3105583,41.5567972,1,m31rbcV5,3.750963688874879e+17,13.310503,41.556779,m256,37.43409638170825
MCGC8,13.6040542,39.7154694,1,m31rbcV5,3.739020544463753e+17,13.60401,39.715425,m211,55.58249916846081
PAndAS-44,14.482874999999998,41.71583611111112,1,huxor14_table1,3.747209543860082e+17,14.482888,41.715825,m274,57.004276353635014
SDSS11,14.735,42.46055555555556,1,di_tullio_zinn_13_table1,3.7486110775901376e+17,14.734951,42.460615,m274,34.40723500388347
PAndAS-46,14.735,42.460636111111114,1,huxor14_table1,3.7486110775901376e+17,14.734951,42.460615,m274,34.40723500388347
H25,14.8939208,44.0941194,1,m31rbcV5,3.764712738170378e+17,14.893986,44.094106,m316,5.98855203093319
B517,14.9995417,41.9018889,1,m31rbcV5,3.747061453396545e+17,14.999669,41.901762,m274,31.8972819433934
MCGC10,16.8596583,35.7801139,1,m31rbcV5,3.692964450508073e+17,16.859727,35.780125,m138,58.99580643189658
SDSS12,18.195833333333333,42.42361111111111,1,di_tullio_zinn_13_table1,3.731360083738888e+17,18.195869,42.423538,m269,54.92761521677725
PAndAS-52,18.195874999999997,42.423575,1,huxor14_table1,3.731360083738888e+17,18.195869,42.423538,m269,54.92761521677725
PAndAS-53,19.493374999999993,39.248111111111115,1,huxor14_table1,3.7162022851661325e+17,19.493369,39.248093,m196,42.50020571397539
PAndAS-54,19.50058333333333,39.28331388888889,1,huxor14_table1,3.716262071099095e+17,19.500621,39.283279,m196,46.091056261843306
SDSS15,20.76458333333333,41.91972222222222,1,di_tullio_zinn_13_table1,3.7245369269061094e+17,20.764699,41.919709,m261,31.859000282865978
PAndAS-56,20.76470833333333,41.91972777777777,1,huxor14_table1,3.7245369269061094e+17,20.764699,41.919709,m261,31.859000282865978
