,Object ID,Nearest field,Distance to nearest field
0,C1,m095,2.5399787377947765
1,2M034,m404,3.3224832576744694
2,PAndAS-03,m243,0.023986071709069606
3,PAndAS-04,m368,0.4679143953457546
4,PAndAS-05,m310,0.1270897233326473
5,2M035,m267,0.614940209151506
6,PAndAS-06,m268,0.5239368850832986
7,C2,m095,0.36976445336715674
8,C3,m095,0.4833794231321106
9,PAndAS-07,m224,0.503321511141125
10,C4,m072,0.8239107779707471
11,PAndAS-08,m180,0.35969245082641477
12,PAndAS-09,m333,0.3259356980703671
13,PAndAS-10,m333,0.4757470657138253
14,C5,m054,1.821914175755436
15,B518,m201,0.3329120386365927
16,PAndAS-11,m335,0.542378731407189
17,C6,m072,1.0980394444141364
18,2M031,m092,0.4521134886191797
19,PAndAS-12,m293,0.25871663393718974
20,PAndAS-13,m293,0.1725166622058498
21,PAndAS-14,m161,0.5125665793830073
22,A,m161,0.5126093884086094
23,2M032,m390,0.19737196621289746
24,PAndAS-15,m278,0.35722749015448924
25,C7,m041,3.8931771896621528
26,2M012,m341,0.4494076814307989
27,PAndAS-16,m206,0.5984429998715964
28,2M018,m189,0.42022856936466996
29,HEC1,m255,0.49285572111301706
30,2M023,m255,0.3338212217364347
31,2M001,m255,0.3471264182758016
32,2M024,m319,0.1869825655192694
33,C8,m041,4.362971805422136
34,MCGC1,m229,0.4546061674167515
35,PAndAS-17,m205,0.5406946202871805
36,B,m205,0.5406986836124192
37,2M014,m142,0.43326325689245154
38,2M043,m339,0.044672379788539315
39,2M019,m229,0.04863202631443385
40,H2,m229,0.17312505664172842
41,PAndAS-18,m229,0.31631883891302354
42,HEC2,m165,0.4888559961590731
43,2M036,m205,0.12272826809213236
44,2M010,m205,0.313910462344291
45,2M011,m183,0.23367002638521156
46,H3,m277,0.328216947884618
47,MCGC2,m253,0.045481019350072226
48,2M002,m165,0.2899594162950875
49,2M042,m277,0.4508489552956441
50,PAndAS-19,m231,0.5805743861393826
51,2M039,m253,0.1480683313331522
52,MCGC3,m253,0.44646415724469
53,2M003,m340,0.36158054375794113
54,B514,m183,0.48971212769422523
55,PAndAS-20,m277,0.3936873508569841
56,PAndAS-21,m207,0.5373429560049174
57,C,m207,0.5373537787340743
58,2M009,m253,0.4192525371212659
59,2M040,m231,0.42781976204871525
60,2M004,m231,0.43144215916576373
61,H7,m231,0.16334764648691222
62,PAndAS-22,m231,0.4489847508166565
63,C9,m011,5.225281146301189
64,SD-GC7,m395,0.3869625160715375
65,SD-GC5,m395,0.29314855363108094
66,PA-N147-1,m395,0.19257117208749788
67,SH01,m231,0.15953500734120835
68,G001,m207,0.4146370896095944
69,SD-GC10,m395,0.40109056775074137
70,Hodge-I,m395,0.3886459696093966
71,SK001C,m231,0.14309307606238003
72,Hodge-II,m395,0.3625398331838601
73,PAndAS-23,m207,0.3993341793531204
74,Hodge-IV,m395,0.41674875446372406
75,Hodge-III,m395,0.3417716815493641
76,SK002C,m231,0.21372030007830553
77,SK001B,m231,0.1755173335761412
78,SK002B,m231,0.368410475169466
79,G002,m207,0.32762556976976903
80,SK003C,m231,0.1728609975387942
81,SK004C,m231,0.1816464761696253
82,SK003B,m212,0.4528563338534063
83,SK005C,m212,0.39296841040229114
84,PA-N147-2,m402,0.5309206782919609
85,SK006C,m231,0.4325042310792055
86,G003,m276,0.2183596373939144
87,PAndAS-24,m185,0.447074361962297
88,SK007C,m212,0.34035479150661624
89,C10,m039,2.654284616463208
90,PAndAS-25,m297,0.2556005472860646
91,PA-N147-3,m402,0.28716914499510837
92,B133D,m231,0.4473331869455426
93,BH01,m212,0.21657449710571267
94,SK008C,m231,0.2960821314295512
95,C045,m212,0.21559973169606603
96,SK009C,m231,0.30388623329505327
97,H8,m231,0.43181748270463843
98,H9,m167,0.34048374378884044
99,B289,m276,0.3812011125423699
100,B290,m254,0.32607234827172354
101,LAMOST-C01,m081,0.3542919830262625
102,SK010C,m231,0.4448579193888416
103,B411,m254,0.40239851885017475
104,SK004B,m231,0.389828883285703
105,G004,m212,0.24467544355840032
106,PAndAS-26,m185,0.2833735048348161
107,SK011C,m231,0.49326994973584515
108,BA21,m212,0.46735521961017673
109,B412,m254,0.3696215297133863
110,G005,m276,0.32096056226589337
111,2M005,m276,0.426994326195815
112,G006,m276,0.427178612328678
113,SK012C,m231,0.4775608686471422
114,SK013C,m231,0.4840935247967845
115,SK001D,m276,0.4374420563633096
116,B413,m254,0.31587239003166195
117,PAndAS-27,m340,0.45072952693876583
118,BA22,m212,0.39352036744169294
119,G007,m276,0.4270669304410606
120,SK014C,m212,0.32754578758396724
121,SK002D,m254,0.204476563295232
122,DAO1,m233,0.4997316239885168
123,SK003D,m254,0.19849748981322754
124,SK015C,m212,0.21757227579070118
125,SK005B,m276,0.25913530894839304
126,SK016C,m276,0.3509330265665124
127,SK004D,m276,0.11857403598322809
128,SK005D,m276,0.43614122897668856
129,SK017C,m212,0.17650704209288276
130,SK018C,m276,0.4732672798123365
131,SK019C,m233,0.5502159790503628
132,B134D,m254,0.44066865540075567
133,B135D,m254,0.18517523744350786
134,DAO2,m233,0.489878110515061
135,SK006D,m276,0.1406818011395546
136,SK006B,m254,0.10540838541858297
137,SK007D,m276,0.15295354729361404
138,SK007B,m212,0.30190471878010583
139,SK008D,m276,0.4466465743023968
140,SK020C,m276,0.37986926268042603
141,SK021C,m212,0.25601602497465165
142,SK022C,m254,0.3111073561629949
143,C043,m233,0.42175682634531386
144,DAO3,m233,0.4216411382835436
145,B136D,m233,0.4604954411591535
146,2M025,m185,0.49064933133812005
147,SK023C,m276,0.3655778018383078
148,SK024C,m276,0.4801973736554029
149,SK025C,m276,0.4327187295676235
150,PAndAS-28,m254,0.3982400317777032
151,SK008B,m212,0.28987641837560674
152,MCGC5,m125,0.461328646574242
153,SK009B,m254,0.29679045871724063
154,SK010B,m212,0.46844532210657536
155,SDSS1,m233,0.4709899843929745
156,SK011B,m254,0.20296448464168995
157,B291,m276,0.2641008576271366
158,SK012B,m254,0.3191417797720133
159,SK026C,m233,0.41651819539668244
160,D,m212,0.1797690661648807
161,DAO4,m233,0.4074325641728062
162,SK009D,m254,0.25826523458617556
163,PAndAS-29,m233,0.3432622315547185
164,SK027C,m254,0.368961673517878
165,B531,m254,0.3083025080507944
166,B292,m254,0.30737992759389443
167,SK028C,m254,0.34731559022872477
168,C11,m011,2.5691926661885556
169,B414,m276,0.29397454840018233
170,B293,m254,0.37304052911673
171,B137D,m254,0.34459131443039664
172,SK010D,m276,0.5085047821859907
173,B138D,m254,0.3939352154832599
174,SK029C,m233,0.44113137919881684
175,B139D,m212,0.44065051414957646
176,SK030C,m254,0.4944196785282875
177,SK011D,m276,0.5332695764203658
178,PAndAS-59,m233,0.5206640942946543
179,SK012D,m233,0.5028670111693517
180,B140D,m254,0.3392681540180425
181,B141D,m254,0.4142031150338595
182,SK031C,m276,0.31655742098920964
183,SK013D,m254,0.3203580585806041
184,SK013B,m254,0.2831788509530267
185,HEC3,m328,0.2845009088789365
186,SK014B,m233,0.5084357451004985
187,B294,m233,0.34239481807628364
188,SK032C,m254,0.43661583982999286
189,SK001A,m233,0.5354280633323387
190,B142D,m254,0.28965489963591623
191,SK014D,m265,0.5400778209437065
192,SK002A,m254,0.33035978322946574
193,B143D,m233,0.37494916269188594
194,B144D,m254,0.5357697434692287
195,SK033C,m276,0.3396260949815717
196,B145D,m276,0.34983325870224635
197,2M020,m167,0.4024912077672802
198,SK015D,m265,0.5080905476513308
199,B146D,m265,0.5405080729815573
200,SK034C,m212,0.34910702414917544
201,B147D,m254,0.3237904840818631
202,SK016D,m254,0.3611685817455455
203,SK017D,m265,0.5069514606638507
204,SK018D,m254,0.37252690881026057
205,SK035C,m254,0.4241958416485317
206,B295,m233,0.25609594024976434
207,B296,m233,0.38595606066624905
208,SK036C,m233,0.2503865543979534
209,SK019D,m276,0.36980241803943587
210,SK020D,m265,0.4984471006758895
211,SK037C,m212,0.4160256817725876
212,B148D,m254,0.34429667188781354
213,B415,m233,0.3766276625549402
214,B297,m212,0.40866149762422715
215,SK038C,m212,0.4129910280094922
216,B149D,m233,0.19436322032457581
217,SK021D,m233,0.4991003494427133
218,B150D,m254,0.44852249704431946
219,SK022D,m276,0.4096262365673067
220,SK039C,m212,0.38231383058975404
221,2M021,m167,0.4931335138828448
222,B416,m233,0.42116711460211487
223,B151D,m233,0.4277084697031674
224,SK040C,m265,0.521576134068788
225,SK023D,m254,0.4124618837191366
226,SK024D,m233,0.45335585997284383
227,SK041C,m233,0.2377564416947937
228,SK025D,m254,0.4246295380411971
229,B417,m276,0.43453167718606783
230,SK026D,m276,0.43865725337018174
231,B152D,m286,0.38449170580150066
232,SK027D,m265,0.4521000034679985
233,SK042C,m265,0.4366305773324857
234,SK028D,m265,0.4243466861604572
235,SK043C,m233,0.40260676577865073
236,SK015B,m233,0.14504665560424806
237,SK029D,m233,0.3999430656238863
238,SK044C,m233,0.19720188869275693
239,SK003A,m265,0.4404456598157062
240,B153D,m233,0.3813995919164765
241,SK045C,m254,0.49257838882597454
242,SK030D,m233,0.16285864152216573
243,SK031D,m265,0.44771748254931587
244,SK032D,m265,0.4200802821896135
245,SK033D,m265,0.42536454044810107
246,B418,m233,0.1438080966615553
247,G018,m233,0.19937769766293126
248,SK016B,m249,0.4979435833415641
249,B154D,m286,0.47041703316125355
250,B155D,m233,0.14654357914277794
251,B156D,m249,0.4546354724535055
252,B419,m233,0.48346111230067407
253,H11,m307,0.4521191399334772
254,B420,m265,0.43483014868358083
255,SK046C,m265,0.3626287530558219
256,DAO11,m233,0.25767747873629926
257,2M022,m146,0.2952235010681788
258,SK017B,m233,0.42540855776752895
259,SK018B,m233,0.13685206762699895
260,B421,m249,0.36978148218001405
261,SK019B,m233,0.1240101577116741
262,SK047C,m233,0.43613572745133333
263,B157D,m249,0.37703849084777363
264,SK020B,m233,0.39827127961218084
265,B158D,m233,0.3626461317442429
266,SK034D,m249,0.36150154470064016
267,SK048C,m233,0.1153191289342944
268,SK049C,m265,0.33424416554728603
269,C12,m011,4.695783904786376
270,B422,m265,0.36095798063383694
271,DAO12,m233,0.4219247655742499
272,SK050C,m233,0.1239444672543223
273,SK051C,m233,0.1142706879485297
274,SK035D,m249,0.3451363601700741
275,B159D,m233,0.11126018159989066
276,B160D,m233,0.02228593358820404
277,B161D,m233,0.028662376532981773
278,SK021B,m265,0.4285006204300584
279,B162D,m233,0.13365331549852622
280,SK022B,m233,0.09665168139465628
281,B163D,m233,0.2958004403666
282,dTZZ-06,m249,0.37398451914864955
283,B423,m249,0.3152578795712082
284,DAO16,m233,0.2198453023071448
285,B164D,m233,0.3447496375370541
286,SK052C,m249,0.4263536838964079
287,G020,m286,0.23236973155014587
288,B298,m249,0.4460301950565239
289,SK023B,m265,0.37497577975452884
290,SK053C,m265,0.32851690564379626
291,SK004A,m265,0.3395480389695363
292,B299,m249,0.4711602086383812
293,B424,m233,0.4384584853821069
294,H12,m184,0.496980592858884
295,B165D,m249,0.30835763439815017
296,MCEC3,m249,0.4279275347074397
297,SK054C,m233,0.2169525197369158
298,SK024B,m233,0.4564057638399508
299,SK055C,m265,0.2217827491833002
300,C13,m022,1.634146177640503
301,B166D,m249,0.3254304767396588
302,B425,m210,0.42948470064387145
303,B300,m210,0.4725424702910021
304,PA-N185,m398,0.3706356146779261
305,MCEC1,m265,0.20605827822652759
306,B426,m249,0.27351648508799814
307,B301,m233,0.157813437356411
308,B167D,m265,0.20025393559488547
309,SK056C,m249,0.31138082654
310,B427,m233,0.24113233492503383
311,B168D,m210,0.4839744118326675
312,B169D,m233,0.339424678118082
313,SDSS2,m233,0.1016673543462188
314,E,m249,0.46309232860653415
315,B170D,m233,0.4709647527495658
316,2M038,m347,0.39798554304777034
317,PAndAS-30,m184,0.2394985213165111
318,dTZZ-08,m233,0.3459301164872366
319,B302,m249,0.3220759160242904
320,H13,m265,0.18144570955994185
321,HEC6,m328,0.4778367843081359
322,B428,m249,0.3682595584060239
323,B171D,m249,0.45373228648726077
324,SK036D,m249,0.35029059025820963
325,B429,m249,0.17660316031225545
326,B172D,m233,0.1495537863122934
327,FJJ-I,m398,0.4376550849694623
328,B430,m265,0.16685120054185454
329,SK057C,m265,0.18236408767497214
330,B173D,m249,0.4082489144862756
331,SK025B,m233,0.2709220820724065
332,B174D,m249,0.4146973416763691
333,FJJ-II,m398,0.4479690829209804
334,SK058C,m233,0.2219790567077428
335,B175D,m233,0.20651148037104833
336,SK026B,m233,0.3690239864772749
337,MCGC7,m286,0.39864483283671087
338,B303,m233,0.31729285316076633
339,B176D,m265,0.3711993139175965
340,SK059C,m249,0.45076959312756926
341,DAO22,m233,0.38397798403707695
342,SK060C,m249,0.4482448427341999
343,C003,m233,0.31117845253452997
344,DAO23,m233,0.3141359519445651
345,B431,m233,0.4315727991839985
346,SH05,m249,0.1449263405528525
347,B177D,m233,0.23905784423558638
348,B304,m249,0.1408443497207533
349,B305,m233,0.21801876332273878
350,SK005A,m265,0.185002137644249
351,B432,m265,0.1434806481210296
352,SK061C,m265,0.13347072532833568
353,dTZZ-09,m249,0.17709933863554456
354,SK062C,m265,0.23228996812226155
355,C044,m265,0.14038722470200943
356,B433,m233,0.2871283006534717
357,FJJ-III,m398,0.4349454859397597
358,LAMOST-C06,m265,0.08595143944851594
359,SK063C,m249,0.41390461443390136
360,B306,m233,0.4443276562101868
361,SK027B,m233,0.3656564234271034
362,SK064C,m265,0.2590671212779735
363,SK065C,m249,0.08203454846304259
364,FJJ-IV,m398,0.40138199587751927
365,SDSS3,m265,0.14460037678296217
366,DAO25,m233,0.2576477977761328
367,FJJ-V,m398,0.3988109881892033
368,SK028B,m265,0.12483856188649207
369,B434,m265,0.35647747057934825
370,SK066C,m286,0.42850352942599784
371,DAO27,m249,0.39564119373351336
372,FJJ-VII,m398,0.40579857452488793
373,B435,m249,0.2732369214075574
374,B307,m233,0.44261351141923627
375,B308,m233,0.39945176862102777
376,SH06,m233,0.31684462777235617
377,SK067C,m249,0.4459107566824238
378,B178D,m249,0.3707966844884127
379,SK068C,m233,0.2848699875991079
380,FJJ-VIII,m398,0.4760047694798959
381,SK029B,m265,0.18378554661440227
382,B309,m233,0.2879509279463961
383,B179D,m249,0.37901216400563126
384,SK037D,m265,0.08785665527950164
385,B310,m249,0.3146729577280089
386,B180D,m265,0.0617836980923099
387,SK030B,m265,0.27259271848781796
388,SK069C,m265,0.20631797323306633
389,B436,m233,0.32301874817188503
390,B181D,m265,0.3699772705859775
391,B182D,m249,0.3818233269993576
392,C14,m249,0.2235363463038298
393,B437,m233,0.41408106528647853
394,B311,m233,0.4519539527393995
395,B438,m233,0.37360299879913816
396,SH07,m265,0.3252982686089066
397,SK070C,m265,0.270078715356187
398,SK006A,m233,0.49773665834176994
399,B439,m249,0.052383577363811745
400,B312,m249,0.1316556018846059
401,SK031B,m249,0.20924311545900187
402,B183D,m249,0.40461870008163814
403,SK007A,m249,0.22742179743816904
404,B314,m233,0.3501080459756592
405,B313,m249,0.20170877522158456
406,SK032B,m265,0.2828229893141674
407,SK033B,m249,0.19908608624479252
408,B315,m233,0.48853085656328843
409,B184D,m286,0.48080257798883724
410,DAO30,m233,0.3832848042715414
411,B001,m249,0.12759571271299405
412,SK034B,m249,0.3260396286855746
413,B316,m249,0.39120675232150487
414,B001D,m249,0.3177206844087298
415,B317,m265,0.10978464314434119
416,B241,m249,0.19178093471499078
417,SK071C,m249,0.10793394593830255
418,SK038D,m249,0.43155845580401575
419,KHM31-22,m249,0.49656289157624206
420,SK035B,m265,0.1376587209143493
421,SK072C,m233,0.4810862043296762
422,PAndAS-31,m286,0.44769981104036005
423,WH2,m249,0.5292786856416151
424,B185D,m249,0.5140886473527334
425,SK036B,m233,0.4340034343075888
426,SK037B,m249,0.28107201826637623
427,SK008A,m249,0.3598149111423781
428,B318,m249,0.5186861031492612
429,B242,m249,0.11644460244543355
430,B243,m249,0.12751836235589198
431,B186D,m210,0.3151234579259506
432,B440,m265,0.34418840504332227
433,B002,m249,0.15844750639413802
434,B319,m249,0.522758762236231
435,B002D,m265,0.3179077958207543
436,SK038B,m249,0.3599530461312765
437,SK073C,m233,0.41251138509819757
438,SK039B,m265,0.1405710848771332
439,SK074C,m249,0.38197004808523716
440,SK009A,m249,0.18047733217236775
441,B187D,m265,0.29637444946932884
442,SK010A,m249,0.49708414088952585
443,SK075C,m265,0.18337205783711172
444,SK040B,m265,0.1866384820434855
445,B441,m265,0.1809348364973319
446,SK076C,m249,0.46141596352900793
447,B003,m249,0.16426696779037203
448,C15,m233,0.5054900510983664
449,BH02,m249,0.4879471011267693
450,SK041B,m249,0.13905153168372159
451,KHM31-37,m249,0.49249194625500076
452,SK039D,m265,0.15091295920503042
453,H15,m148,0.4482266590170558
454,C16,m210,0.33279750904358724
455,B188D,m210,0.5713552641173593
456,SK042B,m265,0.21749117152025604
457,SK040D,m249,0.15662423927821859
458,B321,m233,0.5196482889408236
459,SK043B,m249,0.4849059739149667
460,SK077C,m265,0.17348090454528858
461,B189D,m249,0.43618927846600347
462,SK078C,m249,0.33746641715633474
463,B320,m265,0.16618951606785762
464,SK041D,m233,0.526395927513791
465,SK079C,m265,0.3211777094793486
466,B190D,m249,0.44530406221569846
467,SK011A,m249,0.44424298386847405
468,B322,m249,0.45246708487423776
469,SK042D,m249,0.3488608432528749
470,B191D,m286,0.5170602359220485
471,B004,m249,0.33577692523743724
472,SK043D,m249,0.2911158832114072
473,B323,m249,0.5539656718306922
474,SK044B,m233,0.5607150887652141
475,SK012A,m249,0.1676822464454799
476,DAO32,m249,0.5554241064413508
477,B442,m249,0.4797022204448351
478,SK080C,m265,0.1915745508774896
479,B005,m249,0.3803412170486066
480,B324,m265,0.2409031760601224
481,B443,m249,0.5463033951880647
482,SK081C,m265,0.26645748840698535
483,B445,m265,0.19136489700337686
484,B444,m265,0.23364770253622472
485,SK013A,m249,0.29404276912537086
486,BH03,m265,0.24679704182775644
487,B325,m233,0.5673887008752991
488,B326,m265,0.24464593521557568
489,B327,m249,0.5021105190206135
490,SK044D,m249,0.4170620891772092
491,B328,m265,0.2551358277868851
492,B192D,m249,0.4800749864043819
493,B329,m265,0.19794476196971209
494,SK014A,m249,0.3170184701077557
495,SK045D,m249,0.3450528900117778
496,B003D,m249,0.2159252390175686
497,B193D,m265,0.2305590915161828
498,SK046B,m249,0.47830181115497433
499,B330,m265,0.23205164142745882
500,B331,m265,0.24135258418498073
501,SK015A,m249,0.36547479182404974
502,B004D,m249,0.23280906415840488
503,B006,m249,0.4190211366812087
504,B244,m249,0.29240004884570503
505,B332,m265,0.2648052218905723
506,B194D,m233,0.5273448536661738
507,B447,m233,0.4878605983766812
508,SK082C,m265,0.34955748299480804
509,B446,m265,0.30235035847627234
510,BH04,m265,0.24089034393202258
511,B007,m265,0.4088593174485835
512,SK083C,m249,0.35862385333848973
513,SK084C,m265,0.2784721970488784
514,SK047B,m265,0.2464293731165839
515,VDB0,m249,0.510027870511192
516,B333,m265,0.26669046195654167
517,B008,m249,0.26955290377068236
518,BH05,m249,0.37298821144521666
519,BH06,m249,0.38151710636383107
520,B009,m265,0.30942058771388786
521,BH07,m249,0.4101600959092978
522,SK048B,m249,0.46375895124099276
523,C012,m249,0.38294140047811653
524,B010,m249,0.2526226179547225
525,SK016A,m249,0.36586636728932376
526,B011,m265,0.2844565141732146
527,C17,m184,0.31188226179900225
528,SK049B,m265,0.2740970513245558
529,B012,m249,0.34573261344371364
530,SK046D,m249,0.3954148629683962
531,B005D,m265,0.34186551519731434
532,SK085C,m249,0.29242594958304263
533,LAMOST-C07,m286,0.520156258888872
534,BH08,m265,0.29272696873366555
535,B196D,m228,0.5604671400629477
536,SK050B,m265,0.22888002363276588
537,SK047D,m249,0.3295392167836242
538,SK051B,m249,0.4746665763785847
539,B245,m249,0.21407223836147926
540,B448,m249,0.45848621849933047
541,BH09,m249,0.5638740211223974
542,B006D,m249,0.34047427690259696
543,B007D,m249,0.34819819467955826
544,H16,m228,0.6449409061609664
545,SK052B,m249,0.4931315361250101
546,B013,m249,0.4069106806299467
547,B014,m249,0.25484764336298854
548,SK048D,m249,0.31548581047117524
549,B197D,m228,0.5187383937896469
550,PAndAS-32,m228,0.5037637477364241
551,B335,m249,0.4924205886397998
552,B449,m249,0.5289977997691943
553,SK053B,m249,0.39089018180535334
554,SK049D,m249,0.3824850765595161
555,SK086C,m265,0.35309134889941357
556,BH10,m249,0.3050600338062635
557,B008D,m249,0.255648584329085
558,B015,m249,0.2498133162362231
559,B016,m249,0.3753517148078981
560,B450,m265,0.30320686871964664
561,PHF7-1,m249,0.3245405921553203
562,C046,m265,0.3095813904597735
563,B451,m249,0.32669784865601614
564,DAO38,m249,0.4643951041499886
565,SK050D,m249,0.38264714561639035
566,B336,m265,0.39889985017312973
567,V202,m249,0.2888001291314438
568,C004,m249,0.2626669016952879
569,SK088C,m249,0.4704644831429067
570,SK017A,m249,0.2564800696513404
571,B452,m249,0.5519894016232451
572,PHF7-2,m249,0.3259742528248859
573,V203,m249,0.2641343430625792
574,B337,m265,0.4459445927537503
575,B017,m249,0.27734871960939544
576,B018,m249,0.46053006501963223
577,B009D,m249,0.25741344830031726
578,BH11,m249,0.47548051453472767
579,SK089C,m228,0.4546039758770491
580,B010D,m249,0.30864863072307935
581,SK054B,m265,0.3028662259028594
582,B198D,m228,0.5807483006560286
583,B011D,m249,0.4293837835096111
584,DAO40,m249,0.5431973294864083
585,B012D,m249,0.2782851362767417
586,B246,m249,0.31564226226842534
587,B019,m249,0.3515370767334919
588,SK055B,m265,0.41041078624246885
589,KHM31-74,m249,0.5553033249807114
590,SK090C,m228,0.4693765168523718
591,SK018A,m249,0.3263840242441228
592,KHM31-77,m249,0.534338194075263
593,SK056B,m265,0.3146428286593437
594,SK004E,m265,0.30697629321016523
595,B020,m265,0.32394440192232715
596,KHM31-81,m249,0.5588925982255857
597,SK057B,m265,0.4726388165975337
598,SK058B,m265,0.42545533617796555
599,KHM31-85,m249,0.5742321060656452
600,SK059B,m249,0.4347977502824405
601,B013D,m249,0.4674909654862947
602,SK091C,m228,0.4621128888002855
603,PAndAS-33,m184,0.5882637571298539
604,SK060B,m249,0.2843078725587757
605,SK061B,m249,0.27806607604822337
606,V212,m249,0.27835275311428254
607,SK062B,m249,0.28387099136912103
608,C008,m249,0.27991405470195063
609,KHM31-97,m228,0.5737605025235013
610,B338,m249,0.5576345077741703
611,B021,m249,0.2810995719018291
612,B022,m249,0.43567380171168796
613,SK005E,m265,0.3119722773127435
614,B339,m228,0.4829464130758749
615,B014D,m249,0.2887078292264689
616,B023,m249,0.3246154899484584
617,SK063B,m265,0.32054691137896396
618,SK064B,m249,0.2961932036965514
619,V211,m249,0.2915881007255807
620,B247,m249,0.2990921657762619
621,SK092C,m249,0.40063222475341786
622,SK051D,m249,0.5243255363791229
623,KHM31-113,m228,0.5686560890987348
624,B015D,m249,0.2940538242483528
625,SK052D,m249,0.5500781100497851
626,BH12,m228,0.5710130649046833
627,B453,m249,0.300953588624916
628,SK053D,m265,0.4139710230643006
629,SK093C,m249,0.42788374158761006
630,B199D,m228,0.513461324357061
631,B454,m228,0.43209334055313803
632,SK019A,m265,0.48375505289022624
633,SK065B,m249,0.3180044553405469
634,SK066B,m265,0.4884841286469159
635,SK067B,m249,0.305503222376342
636,B455,m228,0.6245069504213636
637,SK068B,m249,0.31467085933750616
638,B200D,m228,0.5563481481275981
639,SK054D,m249,0.41722907398502174
640,B016D,m249,0.3905434706579427
641,SK069B,m265,0.38150682638582606
642,SK094C,m265,0.429730047902353
643,SK095C,m265,0.3246097960118666
644,B248,m249,0.3654234512694615
645,B201D,m228,0.5343917218289903
646,C013,m228,0.5339169062315879
647,B340,m210,0.6330185030679232
648,SK070B,m249,0.3236579639617688
649,B341,m228,0.5681173318098119
650,SK055D,m249,0.43654256985689466
651,SK056D,m265,0.4076436826873771
652,SK057D,m265,0.3430366166856546
653,B017D,m249,0.33363820587096976
654,SK058D,m249,0.3992606348411356
655,SK071B,m228,0.4317565588804362
656,SK059D,m265,0.41821005531869165
657,B024,m265,0.3462549527083168
658,C014,m249,0.332531155952739
659,SK060D,m265,0.3482812537640051
660,SK072B,m265,0.4149998143078097
661,V031,m249,0.3224944148216176
662,SK073B,m265,0.521276286351205
663,G083,m249,0.3337854538205321
664,B025,m249,0.3309826153545972
665,B249,m249,0.3286139442885547
666,SK074B,m265,0.3858529741898607
667,G085,m228,0.5409983928960187
668,SK020A,m249,0.3361094011397571
669,V014,m228,0.5347795034493951
670,SK061D,m265,0.4413162961264996
671,B202D,m228,0.3785862356951158
672,B018D,m265,0.3563500881756251
673,B027,m249,0.3611985911866836
674,B026,m249,0.46793868495162055
675,SK075B,m249,0.3366880659081351
676,V226,m249,0.3390970345699685
677,SK062D,m249,0.4321827782255043
678,SK021A,m249,0.41546803004546756
679,B250,m265,0.44480584496834447
680,SK022A,m228,0.468184846493948
681,B019D,m249,0.334536632596927
682,B028,m249,0.3486893816830696
683,B020D,m249,0.3427115065259547
684,SK076B,m249,0.3966449856773309
685,B029,m249,0.347525019104818
686,SK023A,m249,0.4897177813858935
687,SDSS4,m285,0.4111103419372573
688,PAndAS-34,m285,0.4109928140331202
689,B030,m249,0.3645967854762017
690,SK077B,m249,0.47528614807896413
691,SK024A,m249,0.5445271639719944
692,B031,m249,0.3620727018747886
693,SK063D,m249,0.38213638604079503
694,B456,m228,0.3545055439825772
695,B032,m249,0.41074561250062097
696,SK064D,m265,0.36763904150263954
697,SK096C,m265,0.4727361511064664
698,SK025A,m249,0.43083711698646704
699,DAO46,m228,0.45177658402959536
700,B342,m228,0.5488535423944985
701,SK097C,m285,0.5738151889150847
702,SK026A,m228,0.5383837797211393
703,SK027A,m249,0.48543216584565013
704,SK078B,m228,0.47251726686178425
705,B021D,m249,0.3764023203564701
706,B203D,m228,0.5259459410842424
707,B033,m249,0.37436706907734785
708,SK079B,m249,0.4712406334747096
709,SK080B,m249,0.5333408479642637
710,B034,m249,0.41424963815932386
711,B457,m285,0.5843398385860249
712,DAO47,m249,0.496958192158964
713,B022D,m249,0.4322386559678058
714,V034,m249,0.3786080591657121
715,SK098C,m228,0.5678415353371542
716,C009,m249,0.49100663948172857
717,SK028A,m249,0.39315975712748774
718,SK065D,m265,0.46261473669166076
719,B035,m265,0.44913875410270515
720,B036,m249,0.5254694270721731
721,SK029A,m228,0.5708646424679581
722,B204D,m285,0.5506280151926581
723,B023D,m249,0.4794857953808417
724,B024D,m249,0.39448398341983726
725,SK030A,m249,0.5400404010590187
726,B025D,m249,0.3962017673863482
727,B026D,m249,0.3971608404990966
728,B037,m249,0.42861751180899116
729,SK031A,m249,0.43530581975714516
730,B038,m249,0.46447064484609235
731,B251,m249,0.4056222934909151
732,C037,m249,0.4931094306932709
733,G099,m249,0.4932284896919685
734,B027D,m265,0.42391853367924465
735,SK081B,m249,0.4113538042765921
736,B028D,m249,0.45462756315696257
737,B039,m249,0.4837577363416936
738,B205D,m228,0.4873644043005593
739,C015,m249,0.4551275321489397
740,SK032A,m249,0.418047058445933
741,B029D,m265,0.43741078903297675
742,SK082B,m249,0.4530325202168653
743,SK083B,m249,0.5330949359989776
744,B040,m249,0.5681899951546421
745,C18,m169,0.25242436532314566
746,B252,m265,0.5385886272488197
747,PHF8-1,m228,0.5734922537693005
748,SK099C,m249,0.43090376715370743
749,SK033A,m249,0.5148106254569684
750,B206D,m249,0.4782841603123596
751,SK085B,m249,0.4253015843384636
752,B041,m249,0.4444016982173535
753,SK100C,m249,0.4127325695567317
754,C016,m249,0.4134251479126723
755,C017,m249,0.4453630104105484
756,B030D,m249,0.41494366886081746
757,B042,m249,0.4170765893012101
758,B521,m249,0.46603444299135516
759,B043,m249,0.5561689071570373
760,SK086B,m249,0.45888884975877403
761,B044,m249,0.4904952156347275
762,B343,m228,0.2794367676721482
763,B045,m265,0.5122587963413967
764,SK066D,m265,0.44643426072516745
765,B046,m265,0.44401141521575765
766,B458,m249,0.4791373896212665
767,B207D,m228,0.28612447418417947
768,B525,m249,0.444916632348807
769,B048,m249,0.45094380873564566
770,B047,m265,0.46417679905343284
771,B049,m249,0.4936702608025313
772,BH13,m265,0.527330857965784
773,B032D,m249,0.44973845539960433
774,B050,m265,0.539061746562657
775,PHF6-2,m249,0.48930189603733204
776,B051,m249,0.5500664907072488
777,V245,m249,0.48978655556967354
778,B052,m265,0.49218204949514643
779,SDSS5,m265,0.45950575514914616
780,B053,m249,0.5258759241147312
781,SK035A,m265,0.44781156896474766
782,SK036A,m249,0.48868478625223605
783,B054,m249,0.43825812429460903
784,B033D,m249,0.4344145833504313
785,KHM31-330,m249,0.47758652627793824
786,SK087B,m249,0.5216611492623654
787,B208D,m228,0.26401054309641814
788,B459,m265,0.5343925008286977
789,SK101C,m265,0.46062936471912963
790,B253,m249,0.4818302979454774
791,B034D,m249,0.49154163541724577
792,B055,m249,0.4591117364136643
793,B035D,m249,0.5103697112783173
794,B254,m249,0.4833077662109648
795,SK037A,m249,0.5504829390382918
796,B522,m249,0.4866355227795558
797,SK039A,m249,0.5135770189811598
798,B056,m249,0.4600021572286557
799,SK088B,m249,0.5339027162234439
800,B537,m249,0.45034838595918997
801,B057,m249,0.4970659706515805
802,KHM31-340,m249,0.49599120579847666
803,B058,m249,0.5375754330629701
804,KHM31-341,m249,0.4940874481130324
805,SK040A,m248,0.4782480725812966
806,KHM31-345,m248,0.5104504932970579
807,B059,m248,0.4590833447448146
808,KHM31-347,m248,0.5069175772806527
809,SK067D,m248,0.5398209695043888
810,SK089B,m248,0.5328129682072701
811,B460,m209,0.5473143077563917
812,KHM31-350,m248,0.4939354532034588
813,SK102C,m248,0.5031828910108292
814,KHM31-151,m248,0.5401744871397918
815,DAO51,m228,0.3103592345303968
816,KHM31-152,m248,0.5339046037432367
817,SK090B,m228,0.3919477592682187
818,B060,m248,0.43826020915440417
819,B036D,m266,0.4467995830166625
820,B037D,m248,0.517707497701993
821,SK091B,m248,0.5306608141247182
822,B255,m248,0.5072739004012047
823,B061,m266,0.561437193024709
824,C018,m248,0.512494057793815
825,B062,m266,0.4790963109937968
826,BH14,m248,0.513208591796431
827,B038D,m248,0.44500662369758237
828,B063,m266,0.5643813543041958
829,B256,m266,0.479584488366061
830,SK068D,m266,0.4838970368461708
831,B064,m248,0.4356395703110759
832,B065,m228,0.5360075139678137
833,B039D,m248,0.508837269391508
834,SK041A,m248,0.4600422361764693
835,B344,m266,0.42188258177208554
836,SK104C,m228,0.24470565943307584
837,B526,m248,0.46143148054636257
838,B066,m248,0.5357606230086543
839,B067,m248,0.4189049624599606
840,B068,m248,0.4304082869526188
841,B257,m248,0.43261123747256913
842,SK092B,m248,0.5059212118410625
843,SK042A,m248,0.4368543220155169
844,B461,m266,0.4647520593475461
845,B040D,m248,0.47086420754966823
846,B041D,m248,0.4596095336131006
847,SK043A,m248,0.49813392328427847
848,C19,m022,0.9984937188203539
849,B069,m248,0.54397859817198
850,B042D,m248,0.4110744891984554
851,SK044A,m248,0.45166788835722127
852,SK093B,m248,0.46034189436733836
853,B043D,m248,0.46441937283416357
854,B070,m248,0.41048674899369275
855,B044D,m248,0.41342018738941627
856,SK105C,m266,0.41594308655018875
857,B071,m248,0.42467044872187293
858,B073,m248,0.4158728838575222
859,B072,m248,0.5043068098902145
860,C019,m248,0.4115844319844822
861,B258,m248,0.41157739464445975
862,SK094B,m248,0.40871455950433133
863,C020,m248,0.5016507920712802
864,B074,m266,0.42649152063802137
865,SK106C,m248,0.4174946372414871
866,DAO52,m248,0.463463189317374
867,B075,m248,0.47752947318209205
868,C20,m209,0.4275998991755828
869,G137,m266,0.5516158718440373
870,MITA140,m248,0.45367043840898624
871,SK045A,m248,0.4898388064284065
872,B045D,m248,0.4830005506770594
873,DAO53,m228,0.4931400066783789
874,B076,m248,0.39672202976119536
875,B046D,m248,0.43670732605399465
876,SK069D,m266,0.404748882569105
877,B527,m266,0.5317258307987652
878,DAO54,m228,0.23258010743599813
879,B077,m248,0.39653319473551546
880,B047D,m266,0.5316919017135653
881,B529,m248,0.5228514862137353
882,B078,m248,0.4481575730551913
883,B079,m266,0.5346449375676376
884,B080,m248,0.45627509508701464
885,B048D,m248,0.4735223082588272
886,C021,m248,0.4722573345192131
887,SK046A,m248,0.49607478535642247
888,B081,m248,0.47068322147034547
889,B345,m228,0.21205466075749005
890,SK107C,m266,0.4770325071931204
891,SK047A,m248,0.45517324303691126
892,SK095B,m248,0.4448944958711159
893,B462,m266,0.42245432901045255
894,B538,m248,0.45393364637702804
895,B539,m248,0.4567517265501012
896,B082,m248,0.38367442356400067
897,G145,m228,0.22653677184392257
898,B049D,m248,0.3820968371650763
899,B083,m266,0.3921927892342038
900,SK096B,m248,0.50293040981726
901,SK097B,m248,0.496890567408264
902,SK070D,m228,0.30236872876411575
903,SK098B,m248,0.4344272245399374
904,B050D,m248,0.37750362320659414
905,B084,m248,0.4420140195132013
906,SK048A,m248,0.40581182862968035
907,B085,m228,0.5130104627167563
908,B086,m248,0.4009801598015473
909,B259,m266,0.40080517222471895
910,SK049A,m248,0.42188695398001286
911,SK099B,m248,0.5219929344810227
912,B087,m266,0.42765099219487446
913,B346,m228,0.3650199005683546
914,SK071D,m266,0.45185311162817643
915,SK100B,m248,0.427967462799402
916,B051D,m248,0.36426983083654996
917,B540,m248,0.4457978931982493
918,B052D,m248,0.36319752444674147
919,B088,m266,0.48317153810225955
920,B090,m248,0.36376005953553114
921,B089,m266,0.41145743736042406
922,SK072D,m248,0.47004055454947535
923,SK101B,m248,0.5290059636849512
924,SK050A,m248,0.3945177658425054
925,B091,m248,0.4617079802140911
926,B092,m248,0.3628619672532919
927,SK102B,m228,0.24557986917295865
928,B347,m266,0.363919559502227
929,B348,m266,0.3603738293618592
930,B093,m248,0.4544473010765337
931,SK108C,m228,0.4866249389592296
932,B209D,m266,0.5208330637620342
933,H17,m169,0.3969232832523374
934,SK103B,m266,0.42229088744158993
935,B349,m228,0.47197203947544825
936,SK104B,m228,0.45147237078324737
937,B053D,m248,0.37372262769064885
938,SK105B,m248,0.4445311888515789
939,B094,m248,0.3717513826953545
940,NB31,m248,0.4127363029729316
941,2M015,m186,0.5730582935945265
942,NB66,m248,0.4286542149432841
943,B095,m248,0.34784676145703003
944,B096,m248,0.4223940645141432
945,NB36,m248,0.4071644201480813
946,C022,m248,0.3469764891701426
947,B054D,m248,0.4204675429522528
948,NB73,m248,0.40360827975819813
949,NB22,m248,0.42870268352011814
950,NB56,m248,0.37640808081478566
951,NB23,m248,0.40996972085540917
952,NB60,m248,0.4109173131723016
953,NB79,m248,0.3849364764406754
954,NB83,m248,0.37237728501682416
955,NB32,m248,0.4010943544627261
956,B055D,m248,0.42731347958431815
957,B098,m248,0.3534916918667839
958,B097,m248,0.4867999695607248
959,B463,m228,0.4392480714938869
960,BH15,m228,0.401803973117529
961,SDSS6,m228,0.29026648342642425
962,B099,m248,0.3531761879092045
963,B515,m266,0.45391692732580363
964,SK106B,m248,0.4048736755251434
965,B056D,m266,0.4419813402099082
966,B350,m228,0.26933912268446325
967,NB84,m248,0.36712519444633696
968,NB102,m248,0.40216181105645127
969,B100,m248,0.41893772172859994
970,B101,m248,0.3425773423445367
971,NB108,m248,0.37940971373180193
972,NB46,m248,0.42112914297366666
973,B210D,m228,0.32650162355277806
974,NB65,m248,0.41952478910553376
975,B103,m248,0.40093114633600824
976,NB85,m248,0.36247105521669476
977,B102,m266,0.4400549159191196
978,V234,m248,0.3355041287637285
979,NB54,m248,0.36584256476833793
980,B104,m248,0.3954840645041497
981,SK109C,m248,0.45663217756374586
982,NB70,m248,0.4067893205141458
983,NB107,m248,0.3771905194981078
984,C023,m248,0.4478374345234753
985,B464,m266,0.36783294360158886
986,B057D,m248,0.4268774159998776
987,B105,m266,0.4815757135612488
988,B058D,m248,0.4453249337842463
989,NB77,m248,0.37782483845144593
990,B059D,m248,0.3748335113850307
991,B106,m248,0.3542675540471405
992,NB51,m248,0.36226351857653105
993,B108,m248,0.3377884217517927
994,B107,m248,0.4131766502479224
995,NB63,m248,0.4187533313730394
996,NB43,m248,0.4198407301854545
997,NB81,m248,0.3613244500684325
998,NB61,m248,0.41361166273899197
999,NB82,m248,0.35953990786609097
1000,NB24,m248,0.3763062437515516
1001,B060D,m248,0.42251111547503184
1002,SK051A,m248,0.3773020633069286
1003,B109,m248,0.3411878304697473
1004,NB48,m248,0.4077873905895306
1005,B061D,m248,0.4314479241466086
1006,NB37,m248,0.3771481778981286
1007,SK107B,m248,0.3404079449555832
1008,SK110C,m228,0.15488889010668605
1009,NB16,m248,0.414994077081601
1010,B110,m248,0.325552976345499
1011,NB75,m248,0.37881430434806207
1012,B111,m248,0.3325780819898832
1013,B260,m266,0.46483895897301425
1014,B112,m248,0.38942263749986017
1015,NB76,m248,0.3724615793455023
1016,B113,m248,0.42850346182553195
1017,G171,m285,0.33116572077852763
1018,NB47,m248,0.4046442504059432
1019,B062D,m248,0.3666789700841683
1020,NB67,m248,0.4072595890021906
1021,B114,m248,0.34747287460486986
1022,B117,m248,0.34505041195473246
1023,NB55,m248,0.38027209750098034
1024,NB17,m248,0.3847239569539834
1025,B115,m248,0.35589412910804863
1026,V229,m248,0.3540015540988635
1027,B118,m248,0.3639172898774048
1028,B116,m266,0.44508188643771024
1029,NB35,m248,0.3952360709693802
1030,NB86,m248,0.3406550885062941
1031,B063D,m248,0.4169868372668374
1032,SK108B,m228,0.3939130756948319
1033,SK110B,m266,0.4738310628215118
1034,NB64,m248,0.40681484685845765
1035,NB53,m248,0.3597279731298809
1036,SK109B,m248,0.37929579780245004
1037,NB29,m248,0.38482744190673185
1038,2M026,m169,0.5006645845837233
1039,SK073D,m266,0.3363375026897386
1040,SK074D,m266,0.38263583166022125
1041,B064D,m248,0.3567331187803025
1042,B119,m248,0.3809620315176003
1043,B261,m248,0.38181446854760187
1044,NB57,m248,0.34525754959513066
1045,NB80,m248,0.35148940392592865
1046,B120,m248,0.38712590995090573
1047,NB28,m248,0.38002083983063295
1048,SK052A,m266,0.31510334037935217
1049,NB38,m248,0.34327032766242627
1050,NB68,m248,0.3941431429451115
1051,NB105,m248,0.38540502094622753
1052,NB21,m248,0.3615060669561043
1053,B351,m266,0.4612926282693948
1054,NB27,m248,0.34226022969872527
1055,B352,m266,0.36250706489257806
1056,NB74,m248,0.36738404477745723
1057,B065D,m248,0.38667137068137714
1058,B066D,m248,0.39621378044894134
1059,SK075D,m266,0.4090703057904591
1060,B121,m248,0.402270803862621
1061,B211D,m228,0.17620117837606356
1062,B067D,m266,0.39252186725481303
1063,SK111B,m248,0.3674876792930929
1064,NB25,m248,0.33936846765281736
1065,NB91,m248,0.334649758952621
1066,B068D,m248,0.4028127453904471
1067,B122,m266,0.4219077682344309
1068,B069D,m248,0.4135386617230052
1069,B123,m248,0.31612366675044595
1070,SK053A,m228,0.1508779905465497
1071,B212D,m228,0.16343357559247484
1072,B124,m248,0.3471792707293439
1073,SK111C,m228,0.13486575297973585
1074,NB58,m248,0.3439490934190761
1075,B125,m248,0.29632995816294627
1076,V270,m266,0.4389886700212587
1077,DAO55,m228,0.32288517105080217
1078,B213D,m285,0.5105063140841396
1079,B215D,m248,0.31694864358762076
1080,B214D,m285,0.41640136345205675
1081,B126,m248,0.32024174361658053
1082,B070D,m248,0.4018867393557695
1083,NB62,m248,0.3312878881480351
1084,B127,m248,0.33299447639398416
1085,SK112C,m248,0.3359470343948529
1086,NB89,m248,0.33261837745029704
1087,NB87,m248,0.37282730274714815
1088,SK054A,m248,0.29303895232511445
1089,SK113C,m248,0.36070862880554433
1090,NB90,m248,0.32198589208890277
1091,B071D,m248,0.4023333078494754
1092,B072D,m248,0.4734161467847733
1093,NB30,m248,0.3589511419924092
1094,BH16,m248,0.3555529968643749
1095,B073D,m248,0.39121532481076454
1096,B523,m248,0.3647311138556308
1097,B216D,m266,0.28659939757551117
1098,NB44,m248,0.3571523117196755
1099,NB42,m248,0.35445064199823595
1100,NB92,m248,0.3069387347531907
1101,NB18,m248,0.3633516593448845
1102,B353,m248,0.3340454592516527
1103,B354,m266,0.32219410713075225
1104,B074D,m248,0.3259895867061806
1105,B128,m248,0.2987736466561664
1106,NB95,m248,0.33151454385673507
1107,SK114C,m228,0.14515320760441616
1108,NB41,m248,0.3348295850301918
1109,B129,m248,0.4377933183992002
1110,NB39,m248,0.3318560235917654
1111,NB52,m248,0.3021544330791431
1112,B075D,m248,0.32591835345351017
1113,B130,m266,0.4516139038260684
1114,AU007,m248,0.3392908608889007
1115,AU008,m248,0.35451195261177343
1116,SK006E,m266,0.3076274021131172
1117,B076D,m248,0.338024300114194
1118,NB45,m248,0.3110963022848365
1119,NB94,m248,0.32826887076491706
1120,SK115C,m248,0.40322088048903576
1121,B262,m248,0.36582183349448033
1122,B077D,m248,0.3567898693238821
1123,B530,m248,0.4352509173019725
1124,BH18,m248,0.28628324280235296
1125,B131,m248,0.33902341531234503
1126,BH17,m248,0.2874983710505188
1127,NB101,m248,0.29837164889204254
1128,NB59,m248,0.3144307565399233
1129,SK116C,m248,0.40852599023457564
1130,B132,m248,0.3233870097903759
1131,C024,m248,0.2846665891525831
1132,B133,m248,0.4106081672402426
1133,B134,m248,0.3082345773410338
1134,NB50,m248,0.2987449368245625
1135,SK055A,m248,0.43424546667513086
1136,B078D,m248,0.39254199976223575
1137,B135,m266,0.429142811940171
1138,B263,m248,0.3856323388473736
1139,B355,m266,0.2899460989723235
1140,B264,m248,0.324197125951968
1141,NB40,m248,0.29357719734304427
1142,2M027,m209,0.1998447671853086
1143,B136,m248,0.35869007967012084
1144,B079D,m248,0.396961012849065
1145,B137,m266,0.41095625119823703
1146,NB103,m248,0.3134958654794022
1147,B080D,m248,0.3216974801449141
1148,SK056A,m248,0.2627407713542266
1149,C21,m022,0.8310783529640343
1150,MCEC2,m306,0.23657524074943131
1151,SK113B,m248,0.2690187534255501
1152,B081D,m248,0.2569755168698142
1153,B083D,m248,0.25870905308993297
1154,B082D,m248,0.3653105947037884
1155,B138,m248,0.342978017005908
1156,NB97,m248,0.3018404511272273
1157,B524,m248,0.25466694228096365
1158,NB49,m248,0.2952079605363034
1159,NB104,m248,0.29878008225953134
1160,SK114B,m248,0.265303861545672
1161,NB99,m248,0.29094486077131737
1162,B139,m248,0.338782308028681
1163,SK115B,m248,0.4673663890437784
1164,B084D,m248,0.33670889413673916
1165,B085D,m248,0.32661475886793134
1166,C002,m248,0.335433130235561
1167,SK116B,m228,0.32601106325833473
1168,B086D,m248,0.3354506205289868
1169,BH19,m248,0.35892546578457674
1170,NB98,m248,0.2961081214867765
1171,NB100,m248,0.28607777051548045
1172,NB26,m248,0.2834461106389012
1173,PHF4-2,m248,0.3359493619115712
1174,BH20,m248,0.28032112913158364
1175,SK057A,m248,0.39198688373893636
1176,B217D,m266,0.2580397151016761
1177,AU010,m248,0.3184547357942888
1178,NB106,m248,0.29145028736043144
1179,NB34,m248,0.29803477682597407
1180,B140,m248,0.2537434740899545
1181,B087D,m248,0.25445680782465513
1182,SK076D,m266,0.3515574881756752
1183,C025,m248,0.24348555075119616
1184,B142,m248,0.369106957685414
1185,B141,m266,0.39335216703366094
1186,B218D,m266,0.3584450397243735
1187,B088D,m248,0.24243067848557287
1188,B143,m248,0.34236759076123013
1189,B144,m248,0.30604842908234964
1190,B465,m248,0.29240265729853865
1191,SK118B,m248,0.3586128332518672
1192,B219D,m266,0.45276853317240157
1193,SK077D,m248,0.3948328044725231
1194,SK078D,m248,0.38422669594784903
1195,B466,m228,0.22198413376023218
1196,SK117C,m248,0.40568866008989163
1197,B090D,m248,0.3035810555278895
1198,BH21,m248,0.2937152457561942
1199,B089D,m248,0.4311111162584951
1200,B091D,m266,0.42277362827663567
1201,B145,m248,0.26803220874285605
1202,B092D,m248,0.27367094757494415
1203,B093D,m248,0.3408101791206376
1204,B265,m248,0.3051001713503027
1205,B146,m248,0.2911539296562264
1206,B147,m248,0.35980871998173164
1207,B266,m266,0.2933748005398161
1208,C22,m062,0.2900169851919493
1209,BH23,m248,0.34755846092939907
1210,B148,m248,0.31842596412954643
1211,BH22,m248,0.3166714710585894
1212,B220D,m228,0.34615095530617246
1213,SK118C,m248,0.27636770379481834
1214,B149,m266,0.3596868263151096
1215,B094D,m248,0.25205875515266846
1216,B267,m248,0.3826581688402819
1217,SK119B,m248,0.29058104740351803
1218,B221D,m285,0.44800887389368715
1219,SK058A,m266,0.22620594129764893
1220,SK120B,m248,0.37822187800402624
1221,SK079D,m248,0.3691613678426596
1222,B467,m266,0.2864131377068665
1223,SK080D,m266,0.34426351354191154
1224,B268,m248,0.24739465534046848
1225,B269,m248,0.43763839025082685
1226,B150,m248,0.33814315102405385
1227,B222D,m228,0.11359856764959567
1228,PHF6-1,m248,0.312027083466453
1229,G204,m248,0.2950470097422876
1230,SK081D,m266,0.24461207902061388
1231,SK121B,m248,0.41171821508373474
1232,SK119C,m248,0.21726904634324087
1233,SK122B,m228,0.45610479016173355
1234,SK123B,m266,0.35790616792589813
1235,PAndAS-35,m228,0.4302324591461986
1236,B151,m248,0.34996071977945864
1237,B223D,m285,0.34666712450345605
1238,SK059A,m248,0.31678966582408336
1239,B152,m248,0.3071697205951063
1240,SK120C,m248,0.29566521771127563
1241,B356,m266,0.21278147901547143
1242,B153,m248,0.2668483299788438
1243,SK082D,m266,0.23183338875756704
1244,BH24,m248,0.2817496078106008
1245,SK060A,m248,0.24917598141524724
1246,B528,m248,0.3767582157315043
1247,BH25,m248,0.2052139914500427
1248,C026,m248,0.20454160538001578
1249,B154,m248,0.275978705227796
1250,B468,m228,0.3812305688290562
1251,V272,m266,0.43466184415505726
1252,B357,m228,0.008840688382732822
1253,B155,m248,0.1993997340103984
1254,B225D,m228,0.15995676101793194
1255,SK061A,m266,0.29294513967010866
1256,B156,m248,0.20543782190774426
1257,B157,m248,0.2248790967984877
1258,B095D,m248,0.20726343464106817
1259,B224D,m266,0.4306300502917392
1260,B158,m248,0.199881686371192
1261,SK062A,m266,0.20432079549496643
1262,SK007E,m228,0.20324150844899766
1263,B159,m248,0.3927075681292855
1264,B226D,m266,0.2351162897068367
1265,B160,m248,0.2004614339453852
1266,SK121C,m266,0.20725912000104688
1267,B227D,m228,0.08294063551576104
1268,B161,m248,0.2218133000684772
1269,SK008E,m266,0.26440191859521733
1270,SK122C,m266,0.39504018332673474
1271,SK063A,m248,0.43078235627931827
1272,B096D,m266,0.298928842138571
1273,B162,m248,0.37337306151884914
1274,B097D,m248,0.19031642259063072
1275,B098D,m266,0.37897514998729914
1276,B270,m248,0.23851729307721656
1277,B163,m248,0.4256454417208144
1278,B358,m228,0.36083619196526456
1279,B164,m248,0.2241710330193854
1280,B165,m248,0.21000431478810175
1281,SK124B,m266,0.2614211961592557
1282,SK064A,m248,0.20316540192400248
1283,SK125B,m266,0.4417240819132351
1284,B228D,m228,0.2247252713100085
1285,B469,m266,0.3688035587052221
1286,SK065A,m266,0.2641950007126763
1287,B166,m248,0.21896495776052613
1288,B167,m248,0.2340372912097207
1289,SK126B,m248,0.29907297617836975
1290,SK123C,m228,0.22127387801088366
1291,B229D,m228,0.35467689698594157
1292,B168,m266,0.21063729590824123
1293,SK127B,m266,0.19724569776347808
1294,SK128B,m266,0.24712880886057056
1295,B169,m248,0.24481931827675987
1296,B271,m248,0.3835559431034935
1297,B170,m248,0.28738692841473157
1298,SK124C,m266,0.3150608476937068
1299,SK066A,m266,0.26812759910985773
1300,DAO60,m266,0.1901859980999112
1301,B230D,m228,0.2382050654835191
1302,B272,m266,0.2854858284390706
1303,B171,m248,0.2417362427299725
1304,B172,m248,0.3216062392332547
1305,SK129B,m248,0.27340539069615816
1306,SK130B,m266,0.16586291176865692
1307,B273,m248,0.2660201013724293
1308,SK132B,m266,0.23808066678961834
1309,SK131B,m266,0.4499245769254039
1310,SK133B,m228,0.24209216905281797
1311,DAO62,m248,0.32752790192505987
1312,SK125C,m248,0.16360629814247613
1313,SK067A,m266,0.3045366142876739
1314,B536,m248,0.20091486144742415
1315,SK134B,m228,0.4232225097296164
1316,C038,m266,0.31678852751688596
1317,SK068A,m248,0.16859707666915535
1318,SK083D,m248,0.22291806791546148
1319,B173,m248,0.333522650819651
1320,G225,m209,0.07956701351457597
1321,SK126C,m228,0.12193427578262378
1322,B175,m248,0.21987110540368834
1323,B174,m266,0.25316400543340156
1324,B176,m248,0.2969172872284162
1325,B177,m248,0.1454132811878499
1326,B178,m248,0.31073257282093736
1327,B179,m248,0.2664550895441447
1328,B180,m248,0.14948641907120508
1329,C23,m084,0.15620543076144316
1330,B181,m266,0.394298261942105
1331,SK135B,m266,0.31747273730285985
1332,SK084D,m248,0.236636713573737
1333,B231D,m266,0.4599614386629392
1334,SK069A,m266,0.18627328208966867
1335,SK127C,m266,0.22122689442628052
1336,B099D,m248,0.1996102297628276
1337,V254,m248,0.1567855580432276
1338,B100D,m248,0.22993504729787234
1339,H18,m327,0.23574924646505538
1340,B232D,m248,0.4488178829330847
1341,B182,m248,0.1378470950327386
1342,B183,m248,0.13222297448517026
1343,B185,m248,0.20712385268087125
1344,B184,m266,0.2745353994134672
1345,B470,m266,0.33618054062937475
1346,SK136B,m266,0.1561479310008033
1347,B186,m266,0.27616584197418637
1348,B187,m266,0.37725186080873263
1349,SK137B,m248,0.14955071380801938
1350,B274,m266,0.3526039576250469
1351,SK138B,m248,0.14747152130705415
1352,SK070A,m266,0.38414284143475685
1353,B101D,m248,0.19978158341452126
1354,B233D,m214,0.33139543935962984
1355,SK139B,m266,0.12265060627562653
1356,B188,m248,0.3461564381869106
1357,B471,m266,0.3030265010684781
1358,SK128C,m228,0.24166993819028426
1359,B234D,m214,0.3643687496900645
1360,B189,m266,0.2858760866900032
1361,SK129C,m266,0.13578344753645907
1362,SK140B,m248,0.14309728590896104
1363,B190,m266,0.3046258768989599
1364,B191,m248,0.36562422287047147
1365,C24,m037,0.4250206574074129
1366,SK130C,m266,0.12638840321439704
1367,B192,m266,0.2517991864962954
1368,B102D,m248,0.28023105232383333
1369,SK141B,m266,0.13563068258378919
1370,SK142B,m248,0.16234248091365178
1371,M001,m248,0.24517593309495928
1372,B194,m248,0.1011746052764588
1373,SK131C,m248,0.39902138596847925
1374,B193,m266,0.258002070606786
1375,SK071A,m266,0.2188907484905665
1376,SK072A,m248,0.3101014608623781
1377,SK132C,m248,0.39446968989603787
1378,SK009E,m228,0.38622494643262734
1379,B103D,m248,0.38421589104421117
1380,B472,m248,0.3795472609472997
1381,SK073A,m248,0.10172190523058929
1382,B195,m248,0.09567608869678795
1383,B196,m248,0.37897749067010617
1384,SK085D,m228,0.34578894906855
1385,B235D,m266,0.0933655099343153
1386,B104D,m248,0.1807422296283423
1387,B236D,m228,0.29742188457478724
1388,B197,m266,0.3610865075393057
1389,B199,m248,0.13681098047421986
1390,C010,m248,0.0918963048960799
1391,B198,m266,0.3331885291776549
1392,SK074A,m266,0.17914982629917725
1393,B200,m266,0.37326972818763976
1394,SK143B,m266,0.11161226047244216
1395,SK133C,m248,0.4566661805532855
1396,B105D,m248,0.20043442763071895
1397,SK086D,m228,0.2349834813655239
1398,SK144B,m266,0.16385319755882663
1399,SK134C,m266,0.25935943899947483
1400,SK075A,m266,0.22609761539303574
1401,SK145B,m266,0.09914313132664104
1402,B201,m248,0.11460277753479338
1403,SK146B,m266,0.08347603165312141
1404,SK076A,m266,0.12624935930170145
1405,SK147B,m228,0.20410237761262504
1406,C027,m248,0.1740260899536837
1407,M003,m248,0.17225474282291153
1408,B106D,m248,0.1881666102835919
1409,B202,m248,0.0979759123139471
1410,C028,m248,0.10010542053040465
1411,SK148B,m266,0.3739922349195557
1412,B360,m228,0.21328417964586147
1413,B203,m266,0.3172991792207829
1414,C039,m248,0.11669797122523028
1415,SK077A,m248,0.2589762109663456
1416,B107D,m266,0.15356663420185193
1417,B204,m248,0.29538479937339024
1418,B275,m248,0.11663897187351083
1419,SK149B,m266,0.12556445334404978
1420,G253,m248,0.36515373823662745
1421,B361,m228,0.15750398185741307
1422,B108D,m266,0.11504962279783065
1423,C25,m011,2.465466929908885
1424,B237D,m266,0.16098004671853414
1425,SK151B,m266,0.27143380236286857
1426,M004,m248,0.1633832417443189
1427,C029,m266,0.11450645024740971
1428,M005,m248,0.28642650364635774
1429,B205,m248,0.33668257286443687
1430,SK078A,m248,0.34315446166312147
1431,B206,m266,0.35290193462481095
1432,B109D,m248,0.37816503901230236
1433,B110D,m266,0.24840416740064122
1434,C011,m266,0.21559359846106024
1435,SK152B,m248,0.2831095296150997
1436,B207,m248,0.05878264735285403
1437,B238D,m266,0.05932409278739092
1438,SK153B,m266,0.07230099416696469
1439,B208,m248,0.31200861408814246
1440,SK154B,m266,0.05858863485827802
1441,M009,m248,0.21359889867506718
1442,G260,m285,0.19646002504327045
1443,C26,m022,0.41734561333984166
1444,SK135C,m248,0.049394157397767945
1445,SK155B,m248,0.17719635432382236
1446,B239D,m266,0.45579195732961175
1447,B209,m248,0.34793114278559845
1448,B276,m248,0.05943752428002859
1449,B210,m248,0.1669397567324518
1450,M012,m248,0.2855895123865013
1451,B211,m248,0.259290323703146
1452,B212,m248,0.04236913644285425
1453,B213,m266,0.34481727750155705
1454,SK156B,m266,0.22920082490315133
1455,B214,m248,0.3617836463685258
1456,SK136C,m228,0.194642070620768
1457,SK079A,m266,0.3194703372877377
1458,B111D,m266,0.20528660250586525
1459,SK137C,m248,0.18864736904042406
1460,B215,m266,0.3257714716489601
1461,SK080A,m266,0.05065637951216538
1462,B240D,m266,0.18164217740899072
1463,SK081A,m266,0.06562224103150215
1464,SK082A,m266,0.0761279216217873
1465,SK157B,m266,0.07608413762508079
1466,M016,m248,0.32064501711539073
1467,B216,m266,0.22241721280924537
1468,B362,m266,0.16074966272973024
1469,SK158B,m266,0.28735486195500226
1470,SK083A,m266,0.028011573884469995
1471,G268,m285,0.1183865538963684
1472,DAO67,m266,0.13134846733737612
1473,SK087D,m266,0.12247129100010432
1474,B217,m248,0.3192022396819084
1475,SK159B,m248,0.22175868067044632
1476,SK160B,m266,0.3189721262472287
1477,V285,m248,0.34452490977375
1478,M019,m248,0.31995065807188205
1479,SK138C,m266,0.3336422291468501
1480,H126,m266,0.13005487694371076
1481,B241D,m266,0.16222079640755693
1482,SK161B,m266,0.24273532348975732
1483,G270,m266,0.2961555134981553
1484,SK162B,m266,0.265055504821027
1485,SK084A,m248,0.27446105773115276
1486,SK163B,m248,0.21044878642737241
1487,SK088D,m266,0.06871991527595799
1488,B242D,m214,0.3018230867451216
1489,M020,m248,0.2931427693657327
1490,C030,m248,0.29570436825649526
1491,B218,m248,0.24328163938166236
1492,SK089D,m228,0.3623745347039682
1493,H19,m186,0.23887345624795522
1494,B219,m248,0.1324391948933425
1495,SK139C,m266,0.041259253610144514
1496,SK140C,m248,0.4714299836753346
1497,B277,m248,0.158874873252787
1498,B363,m228,0.43445091769063704
1499,SK141C,m266,0.031131770819767795
1500,G273,m285,0.23883288318393192
1501,B243D,m266,0.017074083896647375
1502,B364,m214,0.2520951259970026
1503,M023,m248,0.2739178057557407
1504,B244D,m285,0.3657947851373818
1505,B220,m266,0.34262282620920603
1506,SK164B,m266,0.007472395991843796
1507,M025,m248,0.3237817186568936
1508,SK090D,m266,0.08095032107959645
1509,SK165B,m248,0.11320574486922523
1510,M026,m248,0.3769148594969777
1511,B245D,m266,0.06049985520172512
1512,SK085A,m266,0.15654186230681857
1513,SH14,m266,0.06659438150200592
1514,B112D,m248,0.24101200827395514
1515,2M037,m209,0.482343129996247
1516,M028,m266,0.29135186241613376
1517,C031,m266,0.2891800911447295
1518,B535,m266,0.1584764649897247
1519,C041,m266,0.22393958489430008
1520,B113D,m248,0.30533002213852883
1521,B221,m266,0.3007691767955073
1522,B278,m266,0.26820330136074866
1523,B246D,m266,0.22296659613755732
1524,BH26,m266,0.10263517652004493
1525,M031,m266,0.2865919670130525
1526,SK142C,m266,0.020640097339919828
1527,SK166B,m248,0.26968627760872715
1528,SK167B,m248,0.14402997408949386
1529,BH27,m266,0.09612383060813556
1530,B222,m248,0.16010100922952972
1531,B114D,m266,0.11668496622354638
1532,SK086A,m266,0.2658554874748444
1533,SK168B,m228,0.25134790619347547
1534,B115D,m266,0.20437581608584685
1535,SK169B,m248,0.3674848381724331
1536,SK143C,m266,0.21088238824653407
1537,B223,m266,0.27643476279790763
1538,B224,m266,0.37265041790347025
1539,SK170B,m266,0.23277703688759507
1540,SK087A,m266,0.11656197138389333
1541,B280,m248,0.24297812395705376
1542,B473,m248,0.11902032250992632
1543,SK091D,m266,0.2853744547462999
1544,B279,m266,0.11947247833307027
1545,SK171B,m248,0.37406196055016283
1546,SK172B,m248,0.2603694983781275
1547,B225,m248,0.2839030728683814
1548,SK144C,m266,0.08201680634980817
1549,SK145C,m266,0.07075481818783355
1550,B226,m248,0.11309285233097807
1551,B247D,m228,0.2685272582173015
1552,SK173B,m248,0.2317841590777429
1553,B227,m248,0.34312284639866975
1554,SK146C,m266,0.24172620471677198
1555,M039,m266,0.35310757314675545
1556,M040,m266,0.3888741544944895
1557,SK088A,m266,0.04543302221134044
1558,B116D,m248,0.2786624367500584
1559,SK147C,m228,0.27783951512157984
1560,B117D,m248,0.3183339512014511
1561,SK148C,m248,0.4327543748439834
1562,B228,m266,0.16730640906481783
1563,B229,m266,0.2161044804281132
1564,M042,m248,0.2774026666850613
1565,SK174B,m266,0.07377934307833968
1566,M043,m248,0.31274522034952656
1567,SK149C,m266,0.04830813670680432
1568,M044,m248,0.3285495829929494
1569,DAO69,m266,0.06284247381027136
1570,B230,m248,0.13848036677324005
1571,SK175B,m248,0.3523745596052004
1572,SK089A,m266,0.2251696404054593
1573,M045,m266,0.26538029687159365
1574,B365,m266,0.44018929024691494
1575,SK150C,m266,0.09100700058283734
1576,M046,m248,0.38033017619656123
1577,SK176B,m266,0.062127314009849374
1578,SK151C,m266,0.30054466735084234
1579,M047,m266,0.3757650362424055
1580,SK152C,m266,0.060439709644452395
1581,SK153C,m248,0.34781350838159397
1582,B231,m248,0.39038065525741233
1583,SK177B,m266,0.0919347725746279
1584,BH28,m266,0.1281290588977107
1585,B118D,m248,0.33689135488719874
1586,B232,m248,0.18671323295238298
1587,B248D,m266,0.1863180236632342
1588,M050,m266,0.3569636129397622
1589,SK154C,m266,0.11608064993362409
1590,B532,m266,0.13001464438068705
1591,B233,m266,0.14049538438961293
1592,SK090A,m266,0.18178402677965497
1593,B249D,m214,0.20203476505127946
1594,B281,m248,0.2697726392024684
1595,SK178B,m248,0.34930721647360424
1596,SK179B,m266,0.3043014688516257
1597,B251D,m228,0.3509146754589601
1598,SK155C,m266,0.09954985095005062
1599,B282,m248,0.35172327122006225
1600,B250D,m266,0.283675154158837
1601,B252D,m266,0.3262174220557105
1602,PAndAS-36,m306,0.37730784850982746
1603,G289,m248,0.22594797478600528
1604,SK156C,m248,0.4987430057416754
1605,B253D,m248,0.47570164526098935
1606,SK157C,m228,0.48017856547352505
1607,B234,m266,0.3739321029097916
1608,B366,m266,0.22868462469679365
1609,SK091A,m266,0.11384166398647758
1610,B367,m266,0.2554900853535479
1611,SK180B,m248,0.3657137697256033
1612,B254D,m266,0.08965245879108397
1613,B119D,m248,0.33797823824511625
1614,B368,m266,0.08991063265919867
1615,B120D,m248,0.2167294007083558
1616,B255D,m266,0.26764890265914915
1617,SK181B,m266,0.2665213035952208
1618,G294,m285,0.3422596271066556
1619,SK182B,m266,0.1070645262336658
1620,KHM31-234,m248,0.26824372912210537
1621,SK158C,m228,0.3780856806530677
1622,B474,m248,0.13127905565227915
1623,SK092A,m266,0.10160962597890368
1624,SK010E,m266,0.12998276939605174
1625,G295,m248,0.3591480228951565
1626,SK159C,m266,0.33757794655389345
1627,PHF4-1,m248,0.23462838482961834
1628,SK183B,m266,0.3337224102525327
1629,SK160C,m228,0.3378923637081168
1630,B121D,m248,0.14290446052403988
1631,KHM31-246,m266,0.38776145842407145
1632,SK184B,m266,0.11384326604037602
1633,B122D,m248,0.22705812856615182
1634,B283,m248,0.23816527216657363
1635,B123D,m248,0.18235548834608523
1636,V298,m266,0.3812398506157417
1637,B475,m266,0.12504773955997342
1638,M052,m266,0.19682743460998123
1639,SK185B,m266,0.120683216776194
1640,SK161C,m266,0.13384618130573536
1641,SK186B,m248,0.2293038497308784
1642,B284,m248,0.16969879436846663
1643,M053,m266,0.13012614888609836
1644,B235,m266,0.38219645062875135
1645,SK187B,m248,0.15458001170045962
1646,PAndAS-Cand-01,m228,0.38724889035925236
1647,SK093A,m266,0.15321546966264757
1648,B256D,m266,0.1365818974250882
1649,M054,m266,0.19174491194573368
1650,SK188B,m266,0.13064823955864807
1651,SK189B,m248,0.17127933468382672
1652,SK094A,m266,0.32609935554622127
1653,B257D,m266,0.14002577331614596
1654,M055,m266,0.3177845498053488
1655,V300,m266,0.3974506930633612
1656,WH23,m266,0.36044403309290984
1657,M056,m266,0.24093418632227087
1658,SK190B,m228,0.4175686910137806
1659,SK095A,m266,0.13692424530088124
1660,SK096A,m248,0.34571841175189333
1661,SK191B,m266,0.1950769341476177
1662,M057,m266,0.15254511838840387
1663,M058,m266,0.23039508798892783
1664,SK192B,m228,0.48124311332185943
1665,M059,m266,0.16158366797993184
1666,SK193B,m248,0.39006940448911165
1667,F,m037,0.2967435233587549
1668,B124D,m248,0.16658887171567435
1669,SK194B,m228,0.48946495334765944
1670,SK097A,m266,0.20358619779883047
1671,SK195B,m266,0.19670300163687726
1672,KHM31-264,m266,0.2956158074965054
1673,SK196B,m248,0.4229406761225418
1674,SK162C,m248,0.37812644342581425
1675,M060,m266,0.25182610191012766
1676,SK163C,m266,0.4685919697737151
1677,KHM31-267,m266,0.2750551903463752
1678,SK164C,m248,0.3550274959888959
1679,B476,m266,0.23214823397163806
1680,SK197B,m248,0.1771776006762616
1681,SK098A,m266,0.30488240575245873
1682,M062,m266,0.17821206578093773
1683,B125D,m248,0.2714175651333056
1684,SK099A,m266,0.1790432646643111
1685,B477,m266,0.24587481239302536
1686,B259D,m228,0.3904700870240648
1687,B236,m248,0.289120291447489
1688,C032,m228,0.3915256338648685
1689,B237,m248,0.3401941288949088
1690,B258D,m266,0.24763502432600057
1691,SK092D,m248,0.4711295310965394
1692,M065,m266,0.21559851496872784
1693,B534,m266,0.16338212668910065
1694,SK198B,m266,0.1608783676547451
1695,V133,m266,0.22023501495015016
1696,B260D,m266,0.2415829322966171
1697,M068,m266,0.2600254826452765
1698,SK165C,m248,0.5206419295115446
1699,M069,m266,0.16554793040873927
1700,M070,m266,0.24396386754633728
1701,B369,m214,0.26702051915094754
1702,SK093D,m248,0.5001514371576559
1703,B478,m285,0.4691313631878194
1704,WH28,m266,0.2822482306951792
1705,M071,m266,0.2225858157419682
1706,M072,m266,0.22400860300618833
1707,SK100A,m266,0.3685917897428523
1708,B370,m266,0.20387788924912545
1709,B238,m248,0.30784714738568736
1710,SK168C,m266,0.252257200107312
1711,M073,m266,0.1848171048478625
1712,SK169C,m266,0.18469214950147422
1713,B239,m266,0.3177002752251116
1714,B126D,m248,0.20691322424816075
1715,C042,m266,0.20632591741842995
1716,M075,m266,0.2058923401770065
1717,M076,m266,0.22003891119844865
1718,SK171C,m266,0.24603855632136268
1719,B127D,m248,0.3826825510471594
1720,B261D,m266,0.3765078598977373
1721,M077,m266,0.2654517987963774
1722,M078,m266,0.23947919105830492
1723,M079,m266,0.2496210016985307
1724,SK101A,m266,0.18631042531121628
1725,SK172C,m248,0.36094070215951823
1726,SK173C,m266,0.3127095817458988
1727,M080,m266,0.1936985517265243
1728,B262D,m248,0.3124803388395168
1729,SK175C,m266,0.2577443486994448
1730,SK174C,m266,0.40180917452233644
1731,B263D,m285,0.5286497536836928
1732,M081,m266,0.20401748126830452
1733,B264D,m214,0.03302758615009082
1734,SK176C,m266,0.5093725020707692
1735,SK177C,m266,0.4006968535377195
1736,B128D,m248,0.34880403876129124
1737,SK178C,m248,0.43801264672751444
1738,SK199B,m266,0.24603321870639708
1739,B285,m248,0.21538673553195156
1740,B240,m248,0.21687954228836354
1741,SK179C,m228,0.45003992365943624
1742,B286,m248,0.23438190619207191
1743,SK094D,m248,0.2241400219114052
1744,M082,m266,0.22699264737623137
1745,B533,m266,0.22873488185769966
1746,B265D,m248,0.4804082848129878
1747,SK200B,m266,0.2833588593762001
1748,SK201B,m266,0.2960896643319789
1749,HEC8,m228,0.43676187812626793
1750,SK180C,m248,0.28722268244560034
1751,M083,m266,0.2298812981433281
1752,B371,m266,0.24539596003240072
1753,SK181C,m266,0.2615708634266169
1754,C033,m266,0.2598312674264026
1755,SK182C,m266,0.37114145586601166
1756,C034,m266,0.23157958244433413
1757,SK183C,m248,0.3825502835069464
1758,B129D,m248,0.35737381676547736
1759,B479,m266,0.3408694593975633
1760,M085,m266,0.26283329519270493
1761,C035,m266,0.41355989630624773
1762,SK202B,m266,0.40127155865182723
1763,M086,m266,0.21795730003405664
1764,B287,m266,0.41252651001379737
1765,B130D,m248,0.349150194912778
1766,B266D,m228,0.449385784350171
1767,B131D,m248,0.3781004533749727
1768,DAO81,m266,0.44484436481790485
1769,SK203B,m266,0.2529211338428406
1770,SK184C,m266,0.32118667979411064
1771,SK204B,m248,0.3638338695222535
1772,SK185C,m266,0.4399051896724053
1773,M087,m266,0.2288561069248202
1774,M088,m266,0.26132405764071426
1775,M089,m266,0.2618108298307738
1776,M090,m266,0.23470519085727978
1777,M091,m266,0.27356214147291297
1778,SK205B,m228,0.4660513438852018
1779,B372,m266,0.27790518476507736
1780,SK186C,m266,0.44952833149510424
1781,M092,m266,0.2574369139479342
1782,B132D,m248,0.3345526083413589
1783,B267D,m235,0.47010415847841197
1784,BH30,m266,0.2728565748045012
1785,SK206B,m266,0.2679548741219159
1786,BH29,m266,0.34206057749714436
1787,M093,m266,0.3049675835891071
1788,SK187C,m266,0.24964242443068516
1789,SK188C,m266,0.2517360215613655
1790,SK207B,m266,0.2502515057767483
1791,M094,m266,0.26251028114428826
1792,M095,m266,0.27364221008972706
1793,SK102A,m266,0.253006329231823
1794,C27,m168,0.5161376090003053
1795,SK189C,m266,0.29340437747808235
1796,SK103A,m235,0.46368713827181585
1797,B288,m248,0.26730353237428284
1798,SK208B,m266,0.263887021081989
1799,SK209B,m266,0.2575896806066629
1800,B373,m266,0.2740861215522879
1801,dTZZ-13,m285,0.41519818350115434
1802,SK190C,m266,0.2699122494862615
1803,B268D,m266,0.3226353193569153
1804,SK191C,m266,0.2986142867533999
1805,SK104A,m266,0.2852922934573249
1806,B374,m266,0.30739775577230705
1807,V129,m266,0.2668487792151758
1808,B375,m266,0.33010942668752713
1809,B480,m266,0.2833033495137086
1810,B269D,m214,0.21957737612230183
1811,M101,m266,0.27543883482633374
1812,M102,m266,0.28948926100597494
1813,SK210B,m248,0.43144952787232715
1814,SK211B,m266,0.33600242705454586
1815,SK192C,m266,0.27665479354974515
1816,B481,m235,0.46552892297934745
1817,B377,m235,0.4352044436480573
1818,B376,m266,0.3120094253662898
1819,SK011E,m248,0.2929155592074369
1820,M104,m266,0.283239712590331
1821,B270D,m248,0.29525982032544773
1822,M105,m266,0.3431772428055151
1823,SK095D,m266,0.4347444839670786
1824,DAO83,m266,0.2864858814807787
1825,SK193C,m214,0.4754372619186237
1826,SK194C,m266,0.3087068952168362
1827,SK195C,m235,0.44309251650877707
1828,SK196C,m214,0.469436728853731
1829,B271D,m235,0.4239783149287966
1830,SK105A,m266,0.3084906607041716
1831,SK212B,m266,0.4333569804889073
1832,SK106A,m266,0.37481060905497815
1833,DAO84,m266,0.32187853522401294
1834,H20,m214,0.32626389914183235
1835,B482,m248,0.3883820793243589
1836,SK213B,m266,0.33866107619912533
1837,B484,m266,0.30094433220469197
1838,B483,m266,0.3485639300887045
1839,SK214B,m214,0.34220997571577116
1840,B272D,m232,0.4943740640468953
1841,C28,m011,4.3262652687078855
1842,B378,m266,0.3078722738250581
1843,SK197C,m232,0.4850902669761934
1844,B379,m235,0.42081688767233194
1845,B273D,m235,0.3973783842797951
1846,B274D,m235,0.40068126931143383
1847,SK215B,m266,0.3126952564996006
1848,SK216B,m266,0.3390750898319867
1849,SK198C,m235,0.425945504516153
1850,LAMOST-C08,m285,0.46378702693840657
1851,SK199C,m266,0.40760824084063685
1852,DAO86,m279,0.4829474872637189
1853,SK200C,m235,0.42144487023868465
1854,B380,m266,0.37047279006877876
1855,G314,m248,0.4366985034681846
1856,B485,m235,0.4313455887586083
1857,B381,m248,0.438490140249707
1858,B275D,m266,0.3985762126459961
1859,B486,m248,0.3694947291846183
1860,SK217B,m257,0.47319639590706464
1861,SK218B,m248,0.3906914072191791
1862,B277D,m214,0.454738774791703
1863,B276D,m248,0.4291568428847871
1864,B382,m266,0.4129555582296796
1865,SK219B,m266,0.4056285711470566
1866,B383,m248,0.43942940264548974
1867,B278D,m266,0.4790992300665008
1868,LAMOST-C09,m285,0.5069381224908935
1869,SK201C,m266,0.4405100288282676
1870,SK220B,m266,0.3847052667664653
1871,SK202C,m266,0.377374490857268
1872,SK221B,m235,0.37467706570029635
1873,B279D,m235,0.4331449957596443
1874,DAO87,m279,0.42964398696416495
1875,BH31,m266,0.45903685225860547
1876,B384,m232,0.4089545795190262
1877,B281D,m232,0.41257747668239203
1878,B280D,m235,0.3389415520915931
1879,SK203C,m248,0.41345956665610545
1880,SK204C,m235,0.39057919893841947
1881,BH32,m266,0.41995170484444444
1882,dTZZ-14,m279,0.4264103627072845
1883,B487,m235,0.3232094259285854
1884,SK205C,m235,0.31508698190399365
1885,B385,m257,0.41919144490469223
1886,C005,m248,0.4075119669376442
1887,B282D,m235,0.4131652372275983
1888,SK222B,m257,0.42132558604785497
1889,B386,m266,0.4357727130102839
1890,SH20,m248,0.4118822998008908
1891,B283D,m266,0.4038955438171605
1892,B284D,m248,0.41781236692471224
1893,SK013E,m235,0.37557672011797605
1894,B285D,m248,0.4172713007236264
1895,B286D,m235,0.29973625730783526
1896,B287D,m235,0.2995723773348157
1897,B288D,m266,0.42628096425803735
1898,C006,m214,0.30750850402286023
1899,SK223B,m232,0.37267761563337815
1900,B387,m235,0.3331207873173812
1901,B488,m279,0.5324466738054613
1902,SK206C,m235,0.288899957908217
1903,B489,m232,0.39761446432886566
1904,SK207C,m248,0.4500163886843837
1905,SK208C,m235,0.31411324266775636
1906,SH21,m214,0.31976281028416575
1907,C040,m248,0.44754098138336346
1908,B289D,m279,0.4717627244467066
1909,B290D,m214,0.2911541473266424
1910,SK224B,m266,0.45586419489004
1911,SK209C,m266,0.4372224528682197
1912,B490,m257,0.3694268280595341
1913,B388,m257,0.376221240140933
1914,B291D,m232,0.3651945682498554
1915,G325,m266,0.44262367656482426
1916,SK096D,m235,0.293829574402153
1917,DAO88,m279,0.4704065683565503
1918,SK225B,m266,0.4629143566508934
1919,SK097D,m235,0.2723423115580611
1920,B389,m257,0.4428933812442688
1921,B292D,m279,0.4093234920774945
1922,DAO89,m279,0.4341836649275067
1923,SK226B,m266,0.49577734067981477
1924,B293D,m232,0.34990622461345516
1925,SK210C,m257,0.39976180358721475
1926,G327,m279,0.3928735172988833
1927,SK211C,m257,0.3960924089395916
1928,SK098D,m235,0.2492549439821189
1929,SK107A,m257,0.36830602679536534
1930,B294D,m232,0.3461499130282255
1931,B491,m248,0.49313497161775877
1932,B390,m235,0.2866250607047531
1933,B295D,m257,0.454263578735585
1934,SK212C,m257,0.3823815657463009
1935,B296D,m235,0.34230519095954154
1936,SK227B,m266,0.5085931580007707
1937,SK228B,m279,0.3870422785553165
1938,B297D,m279,0.3967020573715122
1939,LAMOST-C22,m011,0.3460637293227911
1940,B391,m257,0.31514822807433795
1941,SK213C,m279,0.40926318769793757
1942,SK214C,m235,0.39186104804963584
1943,B298D,m232,0.31213164271303034
1944,B299D,m235,0.4716856043006544
1945,SK229B,m235,0.27743664882410785
1946,B300D,m235,0.22972447604463253
1947,B392,m257,0.46632332206033666
1948,B393,m257,0.3443254308221376
1949,B301D,m214,0.39416929521347815
1950,SK230B,m257,0.4845227405048976
1951,SK215C,m248,0.5212867307657629
1952,B492,m257,0.4932251906967633
1953,SK216C,m257,0.31178305530553313
1954,B302D,m232,0.30997078891283
1955,B303D,m214,0.33121857770527424
1956,B394,m257,0.5146089734118274
1957,B395,m257,0.4574273739922597
1958,B304D,m257,0.2911200993376932
1959,SK099D,m235,0.1879731508932976
1960,SK217C,m257,0.31292570788276053
1961,B305D,m214,0.38169338864185454
1962,SK017E,m257,0.27635479855879186
1963,SK231B,m235,0.2509249078403872
1964,BA28,m279,0.3313061497760132
1965,SK108A,m235,0.17259516490569388
1966,SK232B,m235,0.21085705871974372
1967,B306D,m214,0.3780330933016722
1968,B493,m279,0.3809406957786119
1969,SK233B,m235,0.47837755633665285
1970,SK100D,m235,0.16153465054350574
1971,SK109A,m235,0.5082566382355154
1972,B494,m257,0.4319989773627065
1973,B307D,m214,0.3909367678771977
1974,SK218C,m279,0.26662792587794826
1975,B308D,m257,0.310499780496538
1976,B309D,m232,0.24238537447670594
1977,B495,m257,0.42795880024643035
1978,DAO91,m279,0.25829897928044826
1979,B396,m235,0.24006959883613993
1980,SK219C,m235,0.4875720811958033
1981,SK018E,m257,0.3266365570260548
1982,B310D,m235,0.3585408560540124
1983,B397,m257,0.4220265562447767
1984,SK220C,m257,0.40210121720386927
1985,B496,m214,0.4046316499016552
1986,B312D,m232,0.23913619428492988
1987,B311D,m257,0.2705810535830542
1988,B313D,m235,0.15598581739842726
1989,SK019E,m257,0.38628998166846307
1990,B314D,m235,0.33513562483762394
1991,C29,m011,1.2870254392819802
1992,B315D,m232,0.29874169479672785
1993,B316D,m235,0.15673543971485857
1994,SK234B,m235,0.4669703994316955
1995,B317D,m235,0.2119684900121691
1996,DAO92,m279,0.31194436594817965
1997,B318D,m235,0.16576082333408765
1998,B319D,m235,0.16936658320450929
1999,SDSS7,m279,0.5189424233517048
2000,B320D,m279,0.5193299660034514
2001,SK020E,m257,0.28216903213130734
2002,B497,m232,0.1346667949067895
2003,B321D,m257,0.3457701742137857
2004,B322D,m232,0.46471640383855195
2005,DAO93,m279,0.2571791753892953
2006,B498,m257,0.18062697179637308
2007,G339,m301,0.4288881266987086
2008,B323D,m232,0.13269109011829014
2009,SK235B,m257,0.14057265909127778
2010,SK101D,m235,0.2038399925426923
2011,B324D,m257,0.2432950101620487
2012,DAO94,m279,0.2294029789982367
2013,SK110A,m257,0.16888254715544918
2014,BA10,m279,0.15896941285963148
2015,C036,m279,0.4605316804810553
2016,B325D,m279,0.4591224421341482
2017,B398,m257,0.2836297872720729
2018,SK236B,m257,0.12955116841918105
2019,SK237B,m257,0.13206365157015393
2020,SK221C,m257,0.16018639622641048
2021,SK222C,m257,0.36512648430918127
2022,SK102D,m257,0.28211526948781385
2023,B399,m257,0.12737745705172557
2024,B400,m279,0.17912831233360826
2025,SK238B,m257,0.2964369830435482
2026,B499,m232,0.492289283362038
2027,SK223C,m232,0.08722293197705563
2028,SK103D,m257,0.29056602342503013
2029,SK104D,m257,0.12608803722730944
2030,SK105D,m257,0.4176954498142264
2031,B401,m257,0.1520805748182075
2032,SK224C,m257,0.27585642791203063
2033,DAO96,m279,0.41835284673274004
2034,DAO97,m279,0.37957833269687286
2035,B326D,m208,0.3445601135139875
2036,SK239B,m257,0.26654829802209346
2037,C007,m279,0.16317108572442718
2038,B327D,m257,0.09056496438267636
2039,SK111A,m257,0.10458873253937324
2040,SH24,m279,0.15632236582989084
2041,SK106D,m257,0.10911702518044222
2042,SK112A,m257,0.18298466335122382
2043,B328D,m232,0.1768806640246877
2044,B500,m257,0.34302402526399106
2045,SK107D,m257,0.20068563786892135
2046,B329D,m279,0.42052326156518083
2047,B501,m235,0.09927279881201147
2048,SK240B,m232,0.07900567129083355
2049,SK241B,m257,0.3248204467933553
2050,C30,m011,0.3086225745420328
2051,PAndAS-37,m188,0.2809152850359453
2052,SK242B,m257,0.23352586237185355
2053,B330D,m257,0.08450697525762951
2054,SK243B,m257,0.48686078552955564
2055,SK244B,m257,0.45670501496381144
2056,DAO98,m279,0.24711540785041694
2057,B331D,m257,0.04053407869803536
2058,B332D,m257,0.08230862142721872
2059,B502,m208,0.46286127580553293
2060,SK245B,m257,0.32177566432112326
2061,SK246B,m257,0.3657714865521712
2062,SK225C,m257,0.45885927770237245
2063,SK247B,m257,0.23199627591362293
2064,SK108D,m257,0.17810542917260777
2065,SK248B,m257,0.03910054361189355
2066,SK249B,m257,0.4862353881842226
2067,SK021E,m257,0.16997767422299842
2068,SK226C,m257,0.347867736581226
2069,B402,m257,0.46638102780277635
2070,B333D,m257,0.2151379532913959
2071,SK250B,m257,0.09271026792326657
2072,B503,m208,0.3236843928218987
2073,SK113A,m257,0.369172980492363
2074,SK251B,m257,0.30528564837618777
2075,SK252B,m257,0.028799699964131918
2076,SK253B,m257,0.013260850065724836
2077,SK227C,m279,0.29225078243118247
2078,SK109D,m257,0.17439408673907497
2079,B504,m232,0.07247745656644834
2080,BA11,m279,0.16236879276141228
2081,SK228C,m257,0.2205849887500903
2082,DAO99,m279,0.022856086572621018
2083,SK254B,m257,0.3934663036053556
2084,H21,m257,0.41811208551924883
2085,B334D,m208,0.3942728556146394
2086,LAMOST-1,m126,0.5254190377169701
2087,SK110D,m257,0.11013448721764196
2088,G347,m279,0.1483479703060264
2089,B335D,m279,0.3009988028178375
2090,SK255B,m257,0.3637091174880496
2091,SK256B,m257,0.40885088303198375
2092,DAO101,m279,0.08944245811552186
2093,B336D,m257,0.2866044527809715
2094,SK229C,m257,0.4167066506340171
2095,B337D,m257,0.44879458815900464
2096,2M006,m188,0.15578661976903935
2097,SK230C,m235,0.49978773095824747
2098,DAO102,m279,0.3442937908066311
2099,SK231C,m257,0.422550877898185
2100,LAMOST-C03,m257,0.12138416486888294
2101,SK257B,m235,0.5093171225566853
2102,B505,m279,0.2596664800017363
2103,B338D,m235,0.3057635962800135
2104,SK111D,m235,0.5038901586112613
2105,B339D,m235,0.296098773400149
2106,B403,m257,0.12256349387588808
2107,DAO104,m279,0.30961004853960744
2108,SK232C,m279,0.47368835780409785
2109,G349,m232,0.24226742036242369
2110,2M041,m188,0.2918858815400368
2111,B340D,m257,0.5090398139435619
2112,B341D,m257,0.18771563705183597
2113,B404,m235,0.30454937122997017
2114,C31,m124,0.5769035831368154
2115,B506,m232,0.2826391353292519
2116,DAO105,m279,0.33653950766440976
2117,SK233C,m279,0.39703848198638625
2118,B342D,m279,0.3293612040524201
2119,C32,m082,0.5439896763768188
2120,B507,m235,0.3493708626197193
2121,B405,m257,0.19159298501468497
2122,DAO107,m279,0.27337906807630247
2123,H22,m188,0.25466189647597726
2124,PAndAS-38,m379,0.4046329443252773
2125,B508,m257,0.2688398375128612
2126,B343D,m257,0.4440776160682778
2127,B344D,m257,0.23276325089799668
2128,B345D,m235,0.46759155049378714
2129,B509,m279,0.4506715672302056
2130,B406,m279,0.3760148411861452
2131,B346D,m235,0.3829714550720455
2132,B407,m257,0.3085959280224202
2133,B347D,m235,0.5533616352992297
2134,SK258B,m279,0.5331242479273274
2135,G353,m279,0.29913347991867717
2136,B348D,m256,0.5571871877825954
2137,C33,m257,0.4394704744983546
2138,B408,m235,0.4618625679678434
2139,B349D,m256,0.4531695698154199
2140,B510,m257,0.4430126388562801
2141,PAndAS-39,m279,0.35281105343490815
2142,SDSS8a,m279,0.35304134732484216
2143,B409,m256,0.43579958679133923
2144,MGC1,m080,0.5698002917452393
2145,B511,m232,0.4337495978266474
2146,PAndAS-40,m232,0.45493687221405726
2147,B410,m256,0.48280657935285326
2148,HEC9,m257,0.41642066220701485
2149,B512,m232,0.5366731678754874
2150,B513,m257,0.42210576761091956
2151,B350D,m279,0.4364439408245571
2152,SK234C,m275,0.5272706111496694
2153,C34,m301,0.44703113941158784
2154,C35,m010,2.0104048047407237
2155,B519,m102,0.20508432996684522
2156,C36,m275,0.49668530626751367
2157,G355,m234,0.46527096866628626
2158,C37,m256,0.45548391019710593
2159,2M013,m375,0.4183846863259995
2160,C38,m010,1.8262652214223245
2161,SH25,m256,0.39581224140191823
2162,C39,m296,0.311500202285755
2163,EXT8,m256,0.33667776713348746
2164,PAndAS-41,m275,0.4321793811848443
2165,SDSS9,m275,0.4321763054618307
2166,C40,m020,0.3901919286874607
2167,MCGC8,m211,0.49991262003975545
2168,HEC10,m338,0.1789968956683898
2169,2M028,m338,0.07635194093215678
2170,HEC11,m211,0.42403624353349256
2171,SDSS10,m317,0.28502874123668565
2172,B516,m338,0.3647254728295705
2173,MCGC9,m296,0.4895787266615195
2174,PAndAS-42,m227,0.6487123667152173
2175,PAndAS-43,m275,0.5738260488986868
2176,2M029,m227,0.3715335128423708
2177,PAndAS-44,m274,0.512647012220091
2178,MCEC4,m187,0.15647480347815168
2179,HEC13,m162,0.3851844899813639
2180,PAndAS-45,m274,0.241875915131069
2181,SDSS11,m274,0.3093656352573861
2182,PAndAS-46,m274,0.3094441187096124
2183,PAndAS-47,m274,0.22165819514346607
2184,LAMOST-C10,m316,0.22755372249091363
2185,H26,m162,0.5184620976942751
2186,PAndAS-48,m035,0.32616886290969777
2187,H25,m316,0.05384061362381167
2188,B517,m274,0.28670347598427876
2189,C41,m097,0.35537243320136136
2190,2M016,m274,0.3373407714939746
2191,2M017,m274,0.25023846237033887
2192,PAndAS-49,m274,0.3160472010803645
2193,2M007,m204,0.3712101906897038
2194,2M008,m225,0.5357857622444427
2195,PAndAS-50,m392,0.35072922598830175
2196,PAndAS-51,m294,0.591216134428027
2197,C42,m009,4.555027411685335
2198,C43,m019,1.3551650496217942
2199,2M030,m294,0.27992529335659316
2200,LAMOST-C11,m336,0.2867023725545919
2201,LAMOST-C14,m225,0.48561423800692666
2202,C44,m009,1.9660879210245827
2203,C45,m033,0.30282455375396705
2204,C46,m009,2.733583089011197
2205,C47,m094,0.14253364905996924
2206,C48,m052,0.325666769431228
2207,C49,m033,2.1138445363955274
2208,MCGC10,m138,0.5305295714067995
2209,PAndAS-Cand-02,m391,0.46691884745293144
2210,C50,m094,0.5945164157215693
2211,C51,m091,0.3112850102071473
2212,LAMOST-C02,m334,0.20120788628870256
2213,2M033,m223,0.38522603262149646
2214,C52,m334,0.33647354142351404
2215,SDSS12,m269,0.4940531369838391
2216,PAndAS-52,m269,0.4940071594187366
2217,C53,m007,4.2499253782790865
2218,C54,m017,1.7963462002583275
2219,C55,m351,0.28569491329512176
2220,VDB00,m386,1.6463304872678137
2221,SDSS13,m070,0.32007143977676505
2222,C56,m351,0.3456868669695412
2223,PAndAS-53,m196,0.38222948713558214
2224,PAndAS-54,m196,0.4145480294560701
2225,C57,m017,0.7813255012124353
2226,PAndAS-55,m348,0.43113286031788933
2227,C58,m085,0.35043734739119353
2228,LAMOST-C05,m153,0.3762921570494358
2229,LAMOST-C13,m282,0.5111254393280095
2230,SDSS14,m111,0.49916934054661066
2231,C59,m282,0.5121173435720323
2232,SDSS15,m261,0.28657896029581814
2233,PAndAS-56,m261,0.28652520051446373
2234,LAMOST-C23,m261,0.03444074972353389
2235,C60,m304,0.2778067571809283
2236,C61,m173,0.3804602386705686
2237,PAndAS-57,m240,0.26614830789584826
2238,C62,m240,0.2658318365284157
2239,C63,m303,0.44253560135511083
2240,G,m362,0.5438438085946753
2241,PAndAS-58,m240,0.0689831550570834
2242,SDSS16,m240,0.06902102151101211
2243,C64,m380,1.2614697978045282
2244,C65,m342,0.21280217199039728
2245,LAMOST-C04,m030,0.20642061525032984
2246,C66,m280,0.5176018605242628
2247,C67,m280,0.13041902151071688
2248,C68,m342,0.451122750403301
2249,C69,m321,0.47741468498607204
2250,LAMOST-C12,m058,0.251858199131523
2251,HM33-D,m043,0.1755661732588085
2252,LAMOST-C18,m014,0.3451960388891726
2253,M33-E,m058,0.2564914080706307
2254,HM33-A,m005,0.4348677812118979
2255,HM33-B,m014,0.5627504420040739
2256,C70,m342,0.7873949989054676
2257,LAMOST-2,m024,0.5568074281568378
2258,HM33-C,m043,0.4456472990842959
2259,LAMOST-C16,m025,0.4739768517815921
2260,LAMOST-C20,m025,0.34468958668136307
2261,LAMOST-C19,m025,0.4147743541470913
2262,C71,m323,2.231395791049868
2263,C72,m363,2.614844232805529
2264,SDSS17a,m323,1.5088759810510999
2265,C73,m215,1.6366280188250308
2266,C74,m323,0.8810978451983286
2267,C75,m215,0.585969872330889
2268,SDSS18,m238,0.18937160235993433
2269,PAndAS-01,m305,0.3091504057229443
2270,PAndAS-02,m263,0.0984315954163916
