,Object ID,RADEG,DECDEG,Nearest field,Distance to nearest field
0,2M034,0.508375,51.6067222,m404,3.3224832576744694
1,2M035,1.549625,41.5037222,m267,0.614940209151506
2,C2,2.079166666666666,34.46861111111112,m095,0.36976445336715674
3,C3,2.14375,34.62722222222222,m095,0.4833794231321106
4,2M031,4.0892083,34.2000556,m092,0.4521134886191797
5,2M032,5.3965,48.2256111,m390,0.19737196621289746
6,2M012,6.0289167,44.9853333,m341,0.4494076814307989
7,2M018,6.37175,37.8405,m189,0.42022856936466996
8,2M023,6.4285,41.4265833,m255,0.3338212217364347
9,2M001,6.4777792,40.9516306,m255,0.3471264182758016
10,2M024,6.616625,44.2693611,m319,0.1869825655192694
11,2M014,6.8084167,35.8033611,m142,0.43326325689245154
12,2M019,6.879125,40.13375,m229,0.04863202631443385
13,2M010,7.28425,39.4765833,m205,0.313910462344291
14,2M011,7.329625,38.4212778,m183,0.23367002638521156
15,2M002,7.440875,37.4916667,m165,0.2899594162950875
16,2M003,7.7370417,45.3499722,m340,0.36158054375794113
17,2M009,7.8712083,40.8986944,m253,0.4192525371212659
18,2M004,7.907125,40.5711944,m231,0.43144215916576373
19,SH01,8.173075,40.02845,m231,0.15953500734120835
20,SK001B,8.346125,40.07797222222223,m231,0.1755173335761412
21,SK002B,8.384166666666665,39.85911111111111,m231,0.368410475169466
22,SK003C,8.3934292,40.1853472,m231,0.1728609975387942
23,SK004C,8.395666666666667,40.13786111111112,m231,0.1816464761696253
24,SK003B,8.404291666666666,39.68305555555556,m212,0.4528563338534063
25,SK005C,8.408499999999998,39.593250000000005,m212,0.39296841040229114
26,SK006C,8.442124999999999,39.81016666666667,m231,0.4325042310792055
27,SK007C,8.477625,39.57683333333334,m212,0.34035479150661624
28,B133D,8.545808333333332,39.847297222222224,m231,0.4473331869455426
29,SK008C,8.5478792,40.1330083,m231,0.2960821314295512
30,SK009C,8.550833333333332,40.10825,m231,0.30388623329505327
31,SK010C,8.611875,39.901555555555554,m231,0.4448579193888416
32,B411,8.628366666666665,41.56224722222222,m254,0.40239851885017475
33,SK004B,8.642499999999998,40.04705555555555,m231,0.389828883285703
34,G004,8.6642458,39.5780028,m212,0.24467544355840032
35,SK011C,8.713166666666664,39.92586111111111,m231,0.49326994973584515
36,BA21,8.7243,39.8279417,m212,0.46735521961017673
37,B412,8.7303375,41.54069166666667,m254,0.3696215297133863
38,G005,8.7585708,42.4863611,m276,0.32096056226589337
39,2M005,8.76975,42.5921111,m276,0.426994326195815
40,G006,8.7698875,42.5922861,m276,0.427178612328678
41,SK012C,8.786708333333333,40.12572222222222,m231,0.4775608686471422
42,SK013C,8.7885,40.09438888888889,m231,0.4840935247967845
43,B413,8.804170833333332,41.48550277777778,m254,0.31587239003166195
44,BA22,8.8067,39.76032222222222,m212,0.39352036744169294
45,G007,8.8071083,42.5884972,m276,0.4270669304410606
46,SK014C,8.811916666666665,39.69444444444444,m212,0.32754578758396724
47,DAO1,8.8287333,40.1530833,m233,0.4997316239885168
48,SK015C,8.835291666666665,39.58447222222223,m212,0.21757227579070118
49,SK016C,8.841666666666665,41.82983333333333,m276,0.3509330265665124
50,SK018C,8.872166666666665,41.70925,m276,0.4732672798123365
51,B134D,8.876241666666665,40.740233333333336,m254,0.44066865540075567
52,DAO2,8.8859083,40.3791694,m233,0.489878110515061
53,SK006B,8.892666666666667,41.19805555555556,m254,0.10540838541858297
54,SK007B,8.938583333333332,39.65591666666666,m212,0.30190471878010583
55,SK020C,8.95725,41.834,m276,0.37986926268042603
56,SK021C,8.961791666666667,39.60022222222222,m212,0.25601602497465165
57,SK022C,8.965666666666667,40.90322222222222,m254,0.3111073561629949
58,DAO3,8.9671417,40.3501694,m233,0.4216411382835436
59,B136D,8.9684833,39.9522444,m233,0.4604954411591535
60,2M025,8.9688333,37.8615278,m185,0.49064933133812005
61,SK023C,8.97125,41.85658333333333,m276,0.3655778018383078
62,SK024C,8.974291666666666,41.7285,m276,0.4801973736554029
63,SK025C,8.975916666666667,41.78161111111111,m276,0.4327187295676235
64,SK008B,8.992291666666667,39.62652777777778,m212,0.28987641837560674
65,SK009B,9.000958333333331,40.93866666666666,m254,0.29679045871724063
66,SK010B,9.007083333333332,39.813944444444445,m212,0.46844532210657536
67,SK011B,9.008416666666664,41.24538888888889,m254,0.20296448464168995
68,SK026C,9.023374999999998,39.96802777777778,m233,0.41651819539668244
69,DAO4,9.036675,39.9690667,m233,0.4074325641728062
70,SK027C,9.0520917,40.8773389,m254,0.368961673517878
71,B414,9.081275,42.2749722,m276,0.29397454840018233
72,B138D,9.0902792,41.4758722,m254,0.3939352154832599
73,SK029C,9.09275,39.867916666666666,m233,0.44113137919881684
74,SK030C,9.114,41.58722222222222,m254,0.4944196785282875
75,B140D,9.1282583,41.3646694,m254,0.3392681540180425
76,B141D,9.1291458,41.4773833,m254,0.4142031150338595
77,SK031C,9.130958333333332,42.10683333333333,m276,0.31655742098920964
78,SK013B,9.132083333,41.194805555555554,m254,0.2831788509530267
79,B294,9.1372833,40.4148528,m233,0.34239481807628364
80,SK032C,9.138999999999998,41.50086111111112,m254,0.43661583982999286
81,B142D,9.140962499999995,41.15221111111111,m254,0.28965489963591623
82,B143D,9.1486875,40.4709056,m233,0.37494916269188594
83,SK033C,9.157875,42.24616666666667,m276,0.3396260949815717
84,2M020,9.1714167,37.5815,m167,0.4024912077672802
85,B146D,9.1767625,41.6388667,m265,0.5405080729815573
86,SK034C,9.180916666666665,39.58227777777778,m212,0.34910702414917544
87,B147D,9.1851708,41.1407361,m254,0.3237904840818631
88,SK035C,9.194416666666664,41.43997222222222,m254,0.4241958416485317
89,B296,9.1953625,40.5131083,m233,0.38595606066624905
90,SK036C,9.196666666666664,40.06930555555556,m233,0.2503865543979534
91,SK037C,9.204958333333332,39.66213888888889,m212,0.4160256817725876
92,B148D,9.2090542,41.1196444,m254,0.34429667188781354
93,B415,9.2127083,40.5106778,m233,0.3766276625549402
94,B297,9.2144667,39.6438611,m212,0.40866149762422715
95,B149D,9.2335125,40.1478222,m233,0.19436322032457581
96,2M021,9.2552083,37.6445278,m167,0.4931335138828448
97,B416,9.2559708,39.8097194,m233,0.42116711460211487
98,B151D,9.2594417,39.8014111,m233,0.4277084697031674
99,SK041C,9.271166666666666,40.01841666666667,m233,0.2377564416947937
100,B417,9.2731208,42.0429306,m276,0.43453167718606783
101,B152D,9.2754792,42.4281028,m286,0.38449170580150066
102,SK042C,9.276166666666668,41.746805555555554,m265,0.4366305773324857
103,B418,9.3240917,40.1142639,m233,0.1438080966615553
104,B154D,9.3360042,42.3137472,m286,0.47041703316125355
105,B155D,9.3575958,40.0817222,m233,0.14654357914277794
106,B156D,9.359675,41.3173028,m249,0.4546354724535055
107,B419,9.3634417,39.7190972,m233,0.48346111230067407
108,SK046C,9.370541666666666,41.91719444444444,m265,0.3626287530558219
109,DAO11,9.3715792,39.9503389,m233,0.25767747873629926
110,2M022,9.3759583,36.4374722,m146,0.2952235010681788
111,SK017B,9.376833333333332,40.61216666666667,m233,0.42540855776752895
112,SK018B,9.378416666666666,40.30663888888888,m233,0.13685206762699895
113,B421,9.3867708,41.1251861,m249,0.36978148218001405
114,B158D,9.4029958,39.8364028,m233,0.3626461317442429
115,SK048C,9.405,40.09433333333334,m233,0.1153191289342944
116,SK049C,9.405291666666663,41.90122222222222,m265,0.33424416554728603
117,DAO12,9.4147833,39.7752472,m233,0.4219247655742499
118,SK050C,9.421958333333333,40.07858333333333,m233,0.1239444672543223
119,SK051C,9.424125,40.08833333333334,m233,0.1142706879485297
120,B159D,9.4420042,40.0868639,m233,0.11126018159989066
121,B160D,9.460825,40.1777278,m233,0.02228593358820404
122,B161D,9.4639833,40.1684333,m233,0.028662376532981773
123,B162D,9.4728833,40.0606278,m233,0.13365331549852622
124,SK022B,9.476291666666668,40.29075,m233,0.09665168139465628
125,B163D,9.4798583,39.8983528,m233,0.2958004403666
126,SK053C,9.503166666666663,42.04913888888888,m265,0.32851690564379626
127,B299,9.5081667,40.6963806,m249,0.4711602086383812
128,B424,9.5128,39.7563917,m233,0.4384584853821069
129,B166D,9.5567792,40.8573917,m249,0.3254304767396588
130,B425,9.5736708,39.6219972,m210,0.42948470064387145
131,B300,9.5777083,39.66635,m210,0.4725424702910021
132,B427,9.5946292,39.969375,m233,0.24113233492503383
133,B168D,9.6042875,39.6809194,m210,0.4839744118326675
134,B169D,9.606075,39.8686222,m233,0.339424678118082
135,SDSS2,9.612083333,40.20972222222223,m233,0.1016673543462188
136,B170D,9.6172208,39.7349861,m233,0.4709647527495658
137,B428,9.651025,40.7504583,m249,0.3682595584060239
138,B171D,9.6558708,40.6552694,m249,0.45373228648726077
139,B429,9.6612417,41.1530472,m249,0.17660316031225545
140,B173D,9.6822375,40.6963167,m249,0.4082489144862756
141,B174D,9.6992333,40.6848917,m249,0.4146973416763691
142,SK058C,9.701666666666666,40.05033333333333,m233,0.2219790567077428
143,B175D,9.701775,40.0756667,m233,0.20651148037104833
144,DAO22,9.7240417,39.8584861,m233,0.38397798403707695
145,B432,9.7465083,41.7210667,m265,0.1434806481210296
146,C044,9.756625,41.7202528,m265,0.14038722470200943
147,B433,9.7603875,40.0027917,m233,0.2871283006534717
148,DAO25,9.8054792,40.1255,m233,0.2576477977761328
149,B434,9.8132375,41.4876944,m265,0.35647747057934825
150,B435,9.8267875,40.8071528,m249,0.2732369214075574
151,B308,9.8289458,40.4925611,m233,0.39945176862102777
152,C14,9.884583333333332,40.85472222222222,m249,0.2235363463038298
153,B437,9.8872167,39.9210667,m233,0.41408106528647853
154,B438,9.8979458,40.0001667,m233,0.37360299879913816
155,B439,9.9173042,41.0374444,m249,0.052383577363811745
156,B184D,9.9532792,42.3866778,m286,0.48080257798883724
157,B241,9.9810375,41.2519583,m249,0.19178093471499078
158,B242,10.0041125,41.0160028,m249,0.11644460244543355
159,B243,10.0073458,41.1561611,m249,0.12751836235589198
160,B186D,10.009408333333331,39.386697222222224,m210,0.3151234579259506
161,B440,10.0095458,42.1656583,m265,0.34418840504332227
162,B002D,10.0150958,41.5510611,m265,0.3179077958207543
163,SK073C,10.017916666666666,40.23630555555555,m233,0.41251138509819757
164,B187D,10.0234917,41.5776472,m265,0.29637444946932884
165,C15,10.039583333333333,39.925,m233,0.5054900510983664
166,C16,10.058333333333332,39.0425,m210,0.33279750904358724
167,B188D,10.058491666666663,39.69189444444444,m210,0.5713552641173593
168,B320,10.0654542,41.8085167,m265,0.16618951606785762
169,B191D,10.074554166666664,42.42332777777778,m286,0.5170602359220485
170,B192D,10.1030083,40.6305111,m249,0.4800749864043819
171,B329,10.1031292,41.7899083,m265,0.19794476196971209
172,B004D,10.1095167,41.2285,m249,0.23280906415840488
173,B194D,10.1108167,39.9806639,m233,0.5273448536661738
174,B447,10.1111375,40.1184778,m233,0.4878605983766812
175,B446,10.1135292,41.6153167,m265,0.30235035847627234
176,B007,10.1136583,41.4860611,m265,0.4088593174485835
177,SK083C,10.1149208,41.3873722,m249,0.35862385333848973
178,BH07,10.1286208,41.4406639,m249,0.4101600959092978
179,C17,10.132916666666665,38.18666666666666,m184,0.31188226179900225
180,B245,10.1504167,41.1259,m249,0.21407223836147926
181,B014,10.1608458,41.2127333,m249,0.25484764336298854
182,B197D,10.1711292,39.9753222,m228,0.5187383937896469
183,SK090C,10.22108333333333,40.012027777777774,m228,0.4693765168523718
184,SK004E,10.2299167,41.9579722,m265,0.30697629321016523
185,B013D,10.2384333,41.4566639,m249,0.4674909654862947
186,SK005E,10.2507208,41.9278222,m265,0.3119722773127435
187,B199D,10.2646708,40.4981389,m228,0.513461324357061
188,B454,10.2666458,40.0251667,m228,0.43209334055313803
189,B455,10.2743792,39.6993778,m228,0.6245069504213636
190,B340,10.2866417,39.6267889,m210,0.6330185030679232
191,B202D,10.3086625,40.1044583,m228,0.3785862356951158
192,B250,10.3132583,41.5660111,m265,0.44480584496834447
193,B456,10.3392333,40.2522778,m228,0.3545055439825772
194,DAO46,10.3457417,40.47605,m228,0.45177658402959536
195,B204D,10.3896792,42.3434167,m285,0.5506280151926581
196,B023D,10.3901125,41.3589944,m249,0.4794857953808417
197,B025D,10.3928417,41.0183139,m249,0.3962017673863482
198,B026D,10.3931667,41.0138139,m249,0.3971608404990966
199,B251,10.4025083,41.0050778,m249,0.4056222934909151
200,C037,10.4033292,40.7901,m249,0.4931094306932709
201,B205D,10.4086583,40.5695278,m228,0.4873644043005593
202,C18,10.412083333333332,37.32611111111112,m169,0.25242436532314566
203,B252,10.4136125,41.5097889,m265,0.5385886272488197
204,B207D,10.437325,40.2685556,m228,0.28612447418417947
205,B052,10.4456625,41.6360472,m265,0.49218204949514643
206,SDSS5,10.446666666666664,41.73611111111112,m265,0.45950575514914616
207,B208D,10.4518042,40.2184972,m228,0.26401054309641814
208,B460,10.478404166666666,39.59041944444445,m209,0.5473143077563917
209,DAO51,10.4857333,40.383075,m228,0.3103592345303968
210,B062,10.5012167,41.6423583,m266,0.4790963109937968
211,B256,10.5044542,41.636425,m266,0.479584488366061
212,SK104C,10.512666666666664,40.06355555555555,m228,0.24470565943307584
213,B042D,10.5253333,41.0465917,m248,0.4110744891984554
214,B043D,10.5274167,41.3017306,m248,0.46441937283416357
215,B044D,10.5296292,41.0045972,m248,0.41342018738941627
216,SK094B,10.5326583,41.0193972,m248,0.40871455950433133
217,C20,10.53833333333333,38.9375,m209,0.4275998991755828
218,DAO53,10.5411625,40.6344611,m228,0.4931400066783789
219,DAO54,10.54575,40.31545,m228,0.23258010743599813
220,B079,10.5506583,41.4911167,m266,0.5346449375676376
221,G145,10.5671667,40.3266611,m228,0.22653677184392257
222,B346,10.5840125,40.508525,m228,0.3650199005683546
223,2M015,10.6053333,37.7030556,m186,0.5730582935945265
224,NB23,10.6111542,41.3012083,m248,0.40996972085540917
225,B463,10.6146458,40.5979083,m228,0.4392480714938869
226,BH15,10.6148625,40.5583611,m228,0.401803973117529
227,B464,10.6278833,42.0036528,m266,0.36783294360158886
228,SK110C,10.637875,40.08155555555556,m228,0.15488889010668605
229,G171,10.641025,43.0350222,m285,0.33116572077852763
230,B062D,10.6416917,40.9042139,m248,0.3666789700841683
231,SK108B,10.6465792,40.558,m228,0.3939130756948319
232,2M026,10.647125,37.5248333,m169,0.5006645845837233
233,B066D,10.6604292,40.8301667,m248,0.39621378044894134
234,SK006E,10.705625,41.9851667,m266,0.3076274021131172
235,2M027,10.7227917,39.15375,m209,0.1998447671853086
236,BH19,10.7378583,40.8213,m248,0.35892546578457674
237,C22,10.765416666666663,32.14361111111111,m062,0.2900169851919493
238,BH22,10.7677917,40.8583806,m248,0.3166714710585894
239,B267,10.77355,40.767975,m248,0.3826581688402819
240,B222D,10.7829083,40.2936944,m228,0.11359856764959567
241,B223D,10.789825,42.4164694,m285,0.34666712450345605
242,BH24,10.7991417,40.8841028,m248,0.2817496078106008
243,SK007E,10.8107167,40.3832361,m228,0.20324150844899766
244,B227D,10.8137458,40.2619389,m228,0.08294063551576104
245,SK008E,10.8152917,42.0299722,m266,0.26440191859521733
246,B270,10.8225958,40.9293361,m248,0.23851729307721656
247,B228D,10.82915,40.4035083,m228,0.2247252713100085
248,B469,10.8305792,42.1717639,m266,0.3688035587052221
249,B230D,10.8523417,40.4143917,m228,0.2382050654835191
250,B273,10.8604792,40.8643389,m248,0.2660201013724293
251,SK067A,10.8644708,41.59295,m266,0.3045366142876739
252,C038,10.8671667,42.1273611,m266,0.31678852751688596
253,G225,10.8712667,39.1952833,m209,0.07956701351457597
254,C23,10.883333333333333,33.16777777777777,m084,0.15620543076144316
255,B099D,10.895025,40.9283972,m248,0.1996102297628276
256,B470,10.906425,42.1631694,m266,0.33618054062937475
257,SK136B,10.9082167,41.7612583,m266,0.1561479310008033
258,SK070A,10.9156,41.4878722,m266,0.38414284143475685
259,B101D,10.9219,40.9126833,m248,0.19978158341452126
260,B233D,10.922129166666666,39.612766666666666,m214,0.33139543935962984
261,B471,10.9234917,42.132525,m266,0.3030265010684781
262,B234D,10.9250708,39.7746361,m214,0.3643687496900645
263,B191,10.9314125,40.7282917,m248,0.36562422287047147
264,C24,10.934583333333332,31.69,m037,0.4250206574074129
265,SK009E,10.9470833,40.5485556,m228,0.38622494643262734
266,SK075A,10.96825,41.6416278,m266,0.22609761539303574
267,B360,10.9822167,40.02315,m228,0.21328417964586147
268,C039,10.983675,40.9814333,m248,0.11669797122523028
269,B275,10.9852667,40.9807222,m248,0.11663897187351083
270,SK078A,10.9940292,41.4173611,m248,0.34315446166312147
271,C26,11.004166666666665,30.700277777777774,m022,0.41734561333984166
272,B276,11.0112625,41.0382639,m248,0.05943752428002859
273,V285,11.0468,41.422975,m248,0.34452490977375
274,G273,11.0727083,42.9510389,m285,0.23883288318393192
275,B364,11.0786042,39.7559861,m214,0.2520951259970026
276,B244D,11.0798875,42.4196889,m285,0.3657947851373818
277,B113D,11.0956583,40.7741917,m248,0.30533002213852883
278,B280,11.1142833,40.8383056,m248,0.24297812395705376
279,B226,11.1271667,41.1830639,m248,0.11309285233097807
280,B247D,11.1284,40.0985972,m228,0.2685272582173015
281,B227,11.1301625,40.7388694,m248,0.34312284639866975
282,B249D,11.1777,39.7683361,m214,0.20203476505127946
283,B250D,11.1831417,42.1250389,m266,0.283675154158837
284,B120D,11.2010125,41.2714,m248,0.2167294007083558
285,G294,11.203375,43.0061972,m285,0.3422596271066556
286,B474,11.2095,41.1563528,m248,0.13127905565227915
287,SK010E,11.2187,41.7749694,m266,0.12998276939605174
288,PHF4-1,11.2236667,41.2825,m248,0.23462838482961834
289,SK160C,11.226791666666664,40.11225,m228,0.3378923637081168
290,B122D,11.2294292,41.2710639,m248,0.22705812856615182
291,PAndAS-Cand-01,11.243125,40.360533333333336,m228,0.38724889035925236
292,B124D,11.2696167,41.1486556,m248,0.16658887171567435
293,SK196B,11.2745208,40.6855306,m248,0.4229406761225418
294,SK099A,11.2839792,41.9452833,m266,0.1790432646643111
295,B369,11.30045,39.8814611,m214,0.26702051915094754
296,B478,11.3030708,42.4022972,m285,0.4691313631878194
297,B263D,11.3426042,42.3490556,m285,0.5286497536836928
298,B264D,11.3438125,39.6498083,m214,0.03302758615009082
299,B128D,11.3474625,41.357675,m248,0.34880403876129124
300,B285,11.3543125,41.0885889,m248,0.21538673553195156
301,B129D,11.3662875,40.8009389,m248,0.35737381676547736
302,B479,11.3664375,42.1175194,m266,0.3408694593975633
303,B130D,11.3710042,41.343875,m248,0.349150194912778
304,B266D,11.3714667,40.0970417,m228,0.449385784350171
305,DAO81,11.3753583,42.2386056,m266,0.44484436481790485
306,SK205B,11.388541666666663,40.28566666666666,m228,0.4660513438852018
307,C27,11.4175,37.78638888888889,m168,0.5161376090003053
308,B288,11.4213125,41.1087417,m248,0.26730353237428284
309,B268D,11.4338833,41.6683806,m266,0.3226353193569153
310,B269D,11.4427417,39.8256917,m214,0.21957737612230183
311,B481,11.4507917,40.3916333,m235,0.46552892297934745
312,SK011E,11.453375,41.0372583,m248,0.2929155592074369
313,SK193C,11.458208333333332,40.08586111111112,m214,0.4754372619186237
314,SK194C,11.4589708,41.7305194,m266,0.3087068952168362
315,SK196C,11.464916666666666,40.078833333333336,m214,0.469436728853731
316,B271D,11.46585,40.5043528,m235,0.4239783149287966
317,B482,11.4717375,41.3216444,m248,0.3883820793243589
318,SK197C,11.490124999999995,40.28597222222222,m232,0.4850902669761934
319,B273D,11.4974042,40.6111167,m235,0.3973783842797951
320,B274D,11.4974833,40.6356056,m235,0.40068126931143383
321,DAO86,11.523325,42.4941889,m279,0.4829474872637189
322,SK200C,11.525375,40.37388888888889,m235,0.42144487023868465
323,B485,11.5270958,40.7858694,m235,0.4313455887586083
324,B277D,11.5421583,40.0481583,m214,0.454738774791703
325,DAO87,11.5903792,42.5721972,m279,0.42964398696416495
326,SK204C,11.5955,40.34505555555556,m235,0.39057919893841947
327,B385,11.6039792,41.5859611,m257,0.41919144490469223
328,B284D,11.6216,41.0491944,m248,0.41781236692471224
329,SK013E,11.6216667,40.3430556,m235,0.37557672011797605
330,B285D,11.6219333,41.0629028,m248,0.4172713007236264
331,B489,11.651608333333334,40.00746111111111,m232,0.39761446432886566
332,C040,11.6596667,41.1245194,m248,0.44754098138336346
333,B290D,11.6615792,39.4505,m214,0.2911541473266424
334,B490,11.669775,41.5491639,m257,0.3694268280595341
335,B389,11.682575,41.8194417,m257,0.4428933812442688
336,DAO89,11.6931917,42.8086,m279,0.4341836649275067
337,B491,11.713975,41.1625056,m248,0.49313497161775877
338,B295D,11.717375,41.2525333,m257,0.454263578735585
339,B297D,11.7320042,42.3291583,m279,0.3967020573715122
340,LAMOST-C22,11.73863,29.6935,m011,0.3460637293227911
341,B298D,11.7479542,40.3309944,m232,0.31213164271303034
342,B299D,11.7512625,40.9938361,m235,0.4716856043006544
343,SK229B,11.7514292,40.7577528,m235,0.27743664882410785
344,B300D,11.7514458,40.6769028,m235,0.22972447604463253
345,B301D,11.7587,39.37865,m214,0.39416929521347815
346,B492,11.7605917,41.1701694,m257,0.4932251906967633
347,B303D,11.7688208,39.7003222,m214,0.33121857770527424
348,B394,11.77345,41.1366611,m257,0.5146089734118274
349,B395,11.7753667,41.2070667,m257,0.4574273739922597
350,B304D,11.7769958,41.5956333,m257,0.2911200993376932
351,B305D,11.7843583,39.8050694,m214,0.38169338864185454
352,SK017E,11.8022375,41.5021778,m257,0.27635479855879186
353,BA28,11.80925,42.36172222222223,m279,0.3313061497760132
354,SK232B,11.810124999999998,40.42744444444444,m235,0.21085705871974372
355,B306D,11.8103292,39.7540139,m214,0.3780330933016722
356,B493,11.8103333,42.284925,m279,0.3809406957786119
357,B494,11.8351375,41.9159083,m257,0.4319989773627065
358,B307D,11.8357875,39.7372139,m214,0.3909367678771977
359,DAO91,11.8536375,42.6623389,m279,0.25829897928044826
360,SK018E,11.8592917,41.7948333,m257,0.3266365570260548
361,B310D,11.8620583,40.9060472,m235,0.3585408560540124
362,B496,11.8727417,39.6732639,m214,0.4046316499016552
363,B312D,11.8728083,40.0374,m232,0.23913619428492988
364,B311D,11.8737292,41.7224778,m257,0.2705810535830542
365,SK019E,11.8799167,41.88325,m257,0.38628998166846307
366,B314D,11.8820292,40.8864278,m235,0.33513562483762394
367,B315D,11.8884917,39.9460722,m232,0.29874169479672785
368,B317D,11.9003417,40.3750917,m235,0.2119684900121691
369,DAO92,11.9068667,42.7984917,m279,0.31194436594817965
370,SDSS7,11.92125,42.07138888888889,m279,0.5189424233517048
371,B320D,11.9226583,42.070575,m279,0.5193299660034514
372,SK020E,11.9237083,41.7781667,m257,0.28216903213130734
373,B497,11.9368917,40.19365,m232,0.1346667949067895
374,B321D,11.9393875,41.2577056,m257,0.3457701742137857
375,B322D,11.9404042,39.7449306,m232,0.46471640383855195
376,DAO93,11.942408333333333,42.74885555555556,m279,0.2571791753892953
377,B498,11.955875,41.6526417,m257,0.18062697179637308
378,DAO94,11.976662499999998,42.73377222222222,m279,0.2294029789982367
379,BA10,11.984524999999998,42.478813888888894,m279,0.15896941285963148
380,B325D,11.9888333,42.1173,m279,0.4591224421341482
381,B499,12.0147458,39.7039167,m232,0.492289283362038
382,SK223C,12.019208333333331,40.14083333333333,m232,0.08722293197705563
383,DAO96,12.0371042,42.9619361,m279,0.41835284673274004
384,DAO97,12.0378042,42.9220111,m279,0.37957833269687286
385,B326D,12.0378458,39.5006833,m208,0.3445601135139875
386,B327D,12.0449875,41.540725,m257,0.09056496438267636
387,B328D,12.0695208,40.3641167,m232,0.1768806640246877
388,B500,12.0717125,41.8961361,m257,0.34302402526399106
389,B329D,12.0808708,42.1407694,m279,0.42052326156518083
390,B501,12.09815,40.4893139,m235,0.09927279881201147
391,SK240B,12.100583333333333,40.11197222222222,m232,0.07900567129083355
392,C30,12.105833333333331,29.2675,m011,0.3086225745420328
393,SK243B,12.113291666666663,42.04541666666667,m257,0.48686078552955564
394,DAO98,12.1215292,42.3115639,m279,0.24711540785041694
395,B331D,12.1218458,41.5861389,m257,0.04053407869803536
396,B332D,12.1222375,41.6363667,m257,0.08230862142721872
397,B502,12.1246625,39.6551861,m208,0.46286127580553293
398,SK225C,12.130583333333332,42.01819444444445,m257,0.45885927770237245
399,SK249B,12.137333333333332,42.04583333333333,m257,0.4862353881842226
400,SK021E,12.1397417,41.72905,m257,0.16997767422299842
401,B333D,12.1513583,41.3450278,m257,0.2151379532913959
402,B503,12.1559083,39.5176167,m208,0.3236843928218987
403,SK227C,12.183541666666668,42.26355555555556,m279,0.29225078243118247
404,B504,12.1882,40.14609444444445,m232,0.07247745656644834
405,BA11,12.189958333333331,42.39380555555555,m279,0.16236879276141228
406,SK228C,12.193708333333332,41.77938888888889,m257,0.2205849887500903
407,DAO99,12.201308333333332,42.54588888888889,m279,0.022856086572621018
408,B334D,12.228533333333331,39.59890833333333,m208,0.3942728556146394
409,LAMOST-1,12.23263,35.56682,m126,0.5254190377169701
410,G347,12.2481833,42.6934417,m279,0.1483479703060264
411,B335D,12.2552333,42.2608528,m279,0.3009988028178375
412,SK256B,12.272416666666665,41.960638888888894,m257,0.40885088303198375
413,DAO101,12.27705,42.5092972,m279,0.08944245811552186
414,SK229C,12.295999999999998,41.96475,m257,0.4167066506340171
415,2M006,12.296875,38.1142778,m188,0.15578661976903935
416,DAO102,12.308225,42.8854222,m279,0.3442937908066311
417,B505,12.3139917,42.3177083,m279,0.2596664800017363
418,B338D,12.3156875,40.77318611111111,m235,0.3057635962800135
419,B339D,12.322887499999998,40.75182777777778,m235,0.296098773400149
420,DAO104,12.338945833333332,42.271277777777776,m279,0.30961004853960744
421,SK232C,12.356791666666664,42.10186111111111,m279,0.47368835780409785
422,G349,12.3687792,40.0473028,m232,0.24226742036242369
423,B340D,12.371558333333333,41.07558333333333,m257,0.5090398139435619
424,B341D,12.3833792,41.6502083,m257,0.18771563705183597
425,B404,12.3855083,40.6888472,m235,0.30454937122997017
426,C31,12.387916666666664,34.86666666666667,m124,0.5769035831368154
427,B506,12.395437499999998,40.00803888888889,m232,0.2826391353292519
428,DAO105,12.3976458,42.8490944,m279,0.33653950766440976
429,SK233C,12.398541666666665,42.19522222222222,m279,0.39703848198638625
430,B342D,12.4000333,42.2720611,m279,0.3293612040524201
431,C32,12.406249999999998,33.748333333333335,m082,0.5439896763768188
432,B507,12.410075,40.7501,m235,0.3493708626197193
433,DAO107,12.422275,42.7587056,m279,0.27337906807630247
434,B343D,12.4546917,41.9471889,m257,0.4440776160682778
435,B509,12.4702042,42.1620472,m279,0.4506715672302056
436,B406,12.497175,42.2655306,m279,0.3760148411861452
437,B346D,12.515625,40.62757777777778,m235,0.3829714550720455
438,B347D,12.5575083,40.9400778,m235,0.5533616352992297
439,SK258B,12.57275,42.11183333333334,m279,0.5331242479273274
440,B348D,12.580079166666666,40.96743888888889,m256,0.5571871877825954
441,C33,12.593749999999998,41.859722222222224,m257,0.4394704744983546
442,B408,12.6248083,40.5913306,m235,0.4618625679678434
443,B349D,12.6333375,41.2223167,m256,0.4531695698154199
444,B510,12.641275,41.8223417,m257,0.4430126388562801
445,B511,12.680908333333331,40.18705277777777,m232,0.4337495978266474
446,B410,12.6863458,40.976525,m256,0.48280657935285326
447,B512,12.693016666666669,39.888863888888885,m232,0.5366731678754874
448,B513,12.699191666666666,41.429519444444445,m257,0.42210576761091956
449,B350D,12.7035583,42.3622167,m279,0.4364439408245571
450,C34,12.799999999999995,43.55972222222222,m301,0.44703113941158784
451,B519,12.8755833,34.1274722,m102,0.20508432996684522
452,C36,12.885833333333332,41.95666666666667,m275,0.49668530626751367
453,G355,12.890583333333332,39.95994722222223,m234,0.46527096866628626
454,C37,12.947083333333332,41.62555555555556,m256,0.45548391019710593
455,2M013,12.982,47.1230278,m375,0.4183846863259995
456,SH25,13.016891666666666,41.58495833333333,m256,0.39581224140191823
457,C39,13.144166666666663,43.30694444444444,m296,0.311500202285755
458,C40,13.52625,29.921666666666667,m020,0.3901919286874607
459,2M028,13.6612917,45.1246389,m338,0.07635194093215678
460,SDSS10,13.86708333333333,43.99194444444444,m317,0.28502874123668565
461,2M029,14.2094167,40.1478333,m227,0.3715335128423708
462,C41,15.052916666666665,34.011944444444445,m097,0.35537243320136136
463,2M016,15.0995833,42.4306944,m274,0.3373407714939746
464,2M017,15.1573333,42.2179167,m274,0.25023846237033887
465,2M007,15.29625,39.2513056,m204,0.3712101906897038
466,2M008,15.430875,40.40575,m225,0.5357857622444427
467,2M030,15.959,43.3431111,m294,0.27992529335659316
468,LAMOST-C14,16.00398,40.59559,m225,0.48561423800692666
469,C45,16.429166666666664,30.94527777777778,m033,0.30282455375396705
470,C47,16.561666666666667,34.020833333333336,m094,0.14253364905996924
471,C48,16.66875,32.499722222222225,m052,0.325666769431228
472,PAndAS-Cand-02,16.974499999999995,48.378275,m391,0.46691884745293144
473,C50,17.13958333333333,33.78611111111111,m094,0.5945164157215693
474,C51,17.419166666666662,34.23694444444445,m091,0.3112850102071473
475,2M033,17.5007917,40.4058333,m223,0.38522603262149646
476,C52,17.711666666666666,44.74388888888889,m334,0.33647354142351404
477,C55,18.62333333333333,46.10194444444445,m351,0.28569491329512176
478,SDSS13,19.173749999999995,33.32361111111111,m070,0.32007143977676505
479,C56,19.399999999999995,46.18833333333333,m351,0.3456868669695412
480,PAndAS-55,19.835041666666665,46.0532,m348,0.43113286031788933
481,C58,19.9325,33.15555555555555,m085,0.35043734739119353
482,LAMOST-C05,20.15258,36.50384,m153,0.3762921570494358
483,SDSS14,20.58625,35.19305555555555,m111,0.49916934054661066
484,C59,20.73625,42.244166666666665,m282,0.5121173435720323
485,LAMOST-C23,21.04854,41.70561,m261,0.03444074972353389
486,C60,21.544999999999995,43.81972222222223,m304,0.2778067571809283
487,C61,21.906666666666663,38.11805555555556,m173,0.3804602386705686
488,C63,22.160833333333333,44.01305555555555,m303,0.44253560135511083
489,C65,22.822499999999994,45.72861111111112,m342,0.21280217199039728
490,C66,23.19083333333333,42.95888888888889,m280,0.5176018605242628
491,C67,23.49625,42.63388888888889,m280,0.13041902151071688
492,C68,23.525,45.72555555555556,m342,0.451122750403301
493,C69,23.66458333333333,44.094722222222224,m321,0.47741468498607204
494,LAMOST-C12,23.75001,32.17213,m058,0.251858199131523
495,LAMOST-C18,23.84216,29.55245,m014,0.3451960388891726
496,LAMOST-2,24.07521,30.27437,m024,0.5568074281568378
497,LAMOST-C16,25.11528,30.62788,m025,0.4739768517815921
498,LAMOST-C20,26.02594,30.52029,m025,0.34468958668136307
499,LAMOST-C19,26.13748,30.74861,m025,0.4147743541470913
500,SDSS18,357.2904166666666,40.458333333333336,m238,0.18937160235993433
