,ID,RAdeg,DECdeg
3,308450708520051328,16.336431,29.349694
33,309013963417858048,19.192479,29.373932
40,297195381648197376,22.162223,29.431756
87,308420467655296768,17.350642,29.477303
129,309224210654444416,21.524008,29.706177
161,309467378818723712,20.33798,30.372822
202,309233766957578368,21.802705,29.900503
287,310045442761225472,18.329422,30.086679
359,310173638945499904,17.96719,31.037115
366,310212023068298368,19.700064,30.379772
388,310685191025757184,19.392978,31.988215
481,310624889684661376,19.877649,31.866841
489,310632277028628864,19.522252,31.804447
554,311234053486176512,14.428196,29.453917
572,310164675349147776,18.34939,31.025089
622,310534970249216512,19.260823,31.632043
652,311295763575827456,13.867349,29.6278
663,310112792143414528,18.542014,30.93022
720,312675685028842752,14.458097,31.484737
745,310272564927395200,19.449063,30.760162
746,310273801878097408,19.16335,30.570532
749,310283697482791424,19.291307,30.788335
751,310289160681145088,19.314082,30.909413
760,310481369057408768,19.061672,31.033796
767,310513770290731392,19.662198,31.373767
831,312774709795106944,13.656051,31.413066
842,312808932094517504,12.902998,31.325471
860,312444547068814720,14.144032,30.259011
861,312446608653195904,14.294257,30.230513
873,311970756341247872,12.116621,29.430707
883,312072774699939328,13.498086,29.972132
889,312104037766776576,12.871069,29.945715
938,312946130530088320,13.90612,32.185427
950,312983818867113728,13.866578,32.350021
983,311547719244651776,15.603309,30.052838
993,312608232566844416,14.86149,31.240104
1014,312498113900557952,14.199332,30.792138
1030,312621980758216192,15.309273,31.230992
1065,312169493067997056,12.08027,29.624964
1137,311934442393303936,12.895909,29.401291
1153,313166891848953472,17.423564,31.158984
1156,313171908369970560,17.495096,31.167333
1157,313172423766526848,17.576348,31.21513
1162,313201698263924096,17.699948,31.474258
1180,312882358855657344,13.830973,31.749219
1203,313302368001631872,16.106974,31.056905
1209,313308144733124864,16.171378,31.080392
1214,312229931847530112,11.646994,29.863805
1223,312255774666282752,11.732179,30.200946
1235,312298140224252288,12.656703,30.091766
1236,313210150759544320,17.972214,31.692492
1245,313226123743397888,17.306045,31.39868
1253,313250695250632832,17.641015,31.616841
1281,313038901822661888,17.291013,30.522509
1299,312546561132324352,14.088517,30.890359
1303,312559858351049984,14.245235,31.152344
1312,313570412615436928,18.351405,31.635004
1323,313601469524018048,18.763221,31.933288
1349,314118587882266496,18.253862,33.958262
1358,314150473719392896,15.301937,31.780421
1397,314017600315271040,18.127503,33.334552
1405,314246749706098176,15.538451,32.476706
1429,313652631175592320,17.724137,32.029954
1464,314227645691796608,15.0339,32.238263
1488,313746914296516352,19.316162,32.707605
1518,314700332612298496,17.129667,33.109178
1573,314667106745406336,15.554533,33.801488
1588,314831685596250496,17.556321,33.638302
1631,313898032721424896,17.797243,32.701819
1651,315026917630485760,16.360816,34.234486
1653,315028846071104256,16.208782,34.207212
1671,313817081177711872,19.030044,33.089347
1672,313817459135248768,18.906873,33.067793
1683,313437470493669504,16.991876,31.79227
1694,313461904562399872,17.306215,31.979439
1737,314061104040132608,17.906102,33.354306
1806,313495714544961536,16.664414,31.905272
1830,313532101507812224,16.946482,32.309931
1831,313533956933681792,16.742556,32.30845
1834,313536568273789312,16.849773,32.404044
1835,313536568273788160,16.85402,32.412537
1842,313546257720123392,16.774667,32.34811
1850,313555706648462208,16.815439,32.52045
1881,313928471153748736,17.308979,32.75209
1882,313933595050857984,17.083139,32.720756
1912,315119826362810368,16.843964,34.550497
1936,314314266592049408,16.774131,32.795075
1949,314328594603215232,16.529593,32.83992
1975,314894258976095104,18.091173,34.413649
1989,314919925700585984,17.137989,34.14342
1997,313961460798406144,17.824286,33.112388
1998,313961529517237376,17.822807,33.11386
2004,313968985581380608,17.380669,33.048032
2031,317390871925314560,22.422328,34.684724
2044,317449352200113024,22.372973,35.011964
2090,315107048834969856,16.097172,34.724869
2098,316821290542655104,20.956399,33.156247
2108,316831357945652480,20.993818,33.31325
2117,316845445438483968,21.552184,33.405071
2118,316847262209079424,21.759851,33.531785
2130,316554968210400512,22.100039,32.505758
2135,316582627799611520,22.257338,32.944316
2136,316584414505949312,22.219999,33.030039
2144,316605751903512576,21.552824,32.867927
2163,317297550875723520,21.343102,34.025716
2177,317350151340383232,21.525884,34.543831
2181,317357749137020928,21.847788,34.776403
2191,317047820001637760,22.419247,33.604755
2197,316536512734902912,21.601619,32.308551
2206,319781313283432320,19.477115,33.26605
2227,316480545015990016,20.615845,32.273751
2238,316501263939437952,20.944039,32.318427
2243,316515832468059264,20.966357,32.658806
2279,316726560743648000,20.62353,32.965888
2289,316880732889672576,20.843355,33.432962
2319,315814344049845248,22.459518,32.744807
2334,315697211701769984,22.268151,31.755775
2348,315384812960272512,22.504783,31.127764
2359,315249259497076352,16.796159,35.519515
2375,317487899531202304,22.320381,35.253933
2379,317493263946002560,22.316611,35.394009
2388,319756776134156160,19.643696,32.877228
2393,317065790144986112,22.347575,33.8241
2413,317231270940553344,22.007372,33.727879
2424,316943160242338048,22.611293,32.925839
2425,316943198894049792,22.626525,32.925764
2426,316943233253788416,22.607362,32.930088
2428,316944607643313792,22.535448,32.9913
2431,316950861115625728,22.66324,33.051662
2438,316972988787380992,22.343052,33.318546
2447,317027856993641600,22.314406,33.590739
2460,319889649538147840,19.678376,34.028746
2477,315733942262114304,22.651177,32.14954
2489,315757135085507072,22.363915,32.115675
2498,315328115096427392,21.990399,30.510936
2499,315332036402276096,22.329586,30.599854
2524,315778571266593536,22.173687,32.377556
2531,319898205113436416,20.41668,33.661572
2545,319926826775127680,20.449511,34.081864
2552,319947476977944576,20.972583,34.295404
2566,316794038974064000,20.525236,33.29216
2620,320418067954985472,20.889232,35.113016
2640,320161641227411712,18.737108,34.505671
2682,320788500294179328,21.654493,36.441859
2714,320302309996488192,19.445841,35.21425
2726,320073435484068224,19.299243,33.946416
2745,320350585427716992,21.001645,34.769006
2747,320351616220938496,21.102243,34.804054
2765,320694526408663040,19.770514,35.764072
2835,320964765751021312,18.169754,34.990164
2839,320970499532998784,17.799236,34.904012
2862,320448437667504512,20.949757,35.374059
2875,320879587960861568,21.079475,37.033441
2901,319963969652689664,20.662337,34.437174
2904,319978705684858880,20.337441,34.248573
2905,319979259736223104,20.249349,34.248687
2961,320759019637975424,20.984149,35.943534
2974,320642299607501696,20.740333,35.582802
3020,320994590005095296,18.320306,35.239874
3052,321203527277977600,17.897591,35.520838
3063,321889180153149312,19.463526,37.513533
3083,321312486304425728,18.451532,35.875036
3088,323318098592804096,22.327496,38.524384
3114,321346708603847680,18.610685,36.320237
3127,321383366148956544,18.109275,36.325229
3136,322095059410261248,22.299513,36.553178
3167,322510816539977344,22.321241,37.885251
3192,321077122096746752,19.151907,35.666836
3194,321082379136720896,19.224645,35.792538
3208,321934187115356544,19.898296,38.140283
3212,321213044925591424,18.000156,35.712384
3229,321245416094685440,17.45528,35.649303
3237,321249264386349568,17.454219,35.741582
3281,321844615572500096,19.257424,37.626612
3315,322521811656265984,22.058778,37.985457
3321,323200996309321344,21.361472,38.149961
3351,321709749307906304,20.139526,37.455683
3367,321117666587967232,18.466773,35.774443
3384,322012634693127552,22.445469,35.862793
3392,322528546164976512,22.237011,38.027887
3393,322529435222558592,22.245847,38.103241
3395,322536758142429952,22.456991,38.061626
3413,321809568639642752,18.718029,37.102617
3427,321778026399560320,19.469817,37.285896
3438,323559200876870784,21.143185,38.88042
3450,323590433879312384,21.080883,39.405713
3455,323605277286050816,21.476856,39.451059
3512,324043432670109056,22.222012,40.466702
3518,323823663488026368,22.420908,39.909552
3596,324204064446953216,22.239316,41.077949
3611,323475225676476800,20.522041,38.736748
3636,324239351897381376,22.591158,41.493198
3638,324245502290462976,22.402694,41.42634
3678,360702348635179520,10.588934,31.832161
3696,360950670758689280,12.449229,32.277718
3732,361059762929196800,13.620096,33.04117
3739,361075362250443264,13.117862,32.748625
3748,348287144370520832,22.595023,42.012673
3754,360312984079938048,11.093865,30.428734
3759,360323085843505280,11.238608,30.675159
3852,361444037951734400,9.871411,31.932823
3865,360400743146045952,11.283491,30.93127
3902,360735097761319936,11.156522,31.822912
3915,361699713056250112,9.226502,32.340193
3940,360635591958203776,10.846027,31.518336
3944,360638615616089088,10.946503,31.675033
3949,360652492654607616,10.476886,31.412994
3971,361722695428117376,9.185536,32.543483
3990,362483871005216384,10.981497,34.95725
4004,362522216473289856,11.087123,35.155507
4027,362636153365543936,13.565436,33.642637
4043,362656356891725312,14.326888,33.801229
4058,361552515936547456,9.839958,32.656013
4064,361274923609629696,12.676908,32.916284
4084,361395865593617280,12.843388,33.992461
4119,361942670766198144,9.884659,33.623872
4123,362254313593264384,11.869888,34.743231
4139,362377149657797248,10.634166,34.542965
4179,361983520199184512,11.253559,33.007059
4194,361583714579150720,10.638716,32.606798
4209,362555992095154560,14.258988,33.24023
4245,362850313319088256,13.442256,34.021535
4256,363193502681870336,15.068179,34.932843
4257,363193635824892544,15.082003,34.958707
4274,363223567452763904,15.564835,35.388587
4301,363093477187296000,13.880158,35.44242
4302,363095646146962176,14.055895,35.439282
4308,363776858024531712,12.545039,35.120216
4337,363924884073106048,13.601407,36.078597
4380,363147769869899776,16.034776,34.8931
4383,363156325444620288,15.665028,34.851306
4420,362930547604320128,13.413668,34.441379
4495,362990501051737728,14.049834,34.743869
4501,363008853447889664,14.752758,34.940588
4534,363648249523891200,15.331904,36.651535
4542,362778093444663552,14.440175,34.302142
4576,364214467948023040,12.54299,36.788621
4586,364264667524580224,14.447462,36.144501
4594,364273047005818368,14.597204,36.308379
4595,364278480140071936,14.428976,36.433345
4599,364290437329463296,14.44268,36.480373
4600,364292533273508992,14.518124,36.547597
4626,363716629698243456,13.153621,35.008617
4646,363485938414577280,14.384866,35.851153
4651,363394885108329344,14.955906,35.28692
4658,363410828026915328,14.784508,35.382341
4707,364023840118706688,11.489447,35.532997
4718,364044799559698560,11.605035,35.773928
4741,364134787714308992,13.345472,36.419219
4760,364781403631344000,13.910071,38.377833
4768,364807310872393984,8.57497,33.192584
4802,364453852245358592,14.524667,37.180338
4813,364642448555422336,13.356888,37.608572
4844,364474055770377088,14.395396,37.460884
4850,364503708225731456,14.864331,37.691773
4853,365313842136366720,8.122736,35.097937
4855,365315525763006464,8.057878,35.111851
4862,364379841368902784,14.953412,36.72738
4866,364388122064312064,14.53528,36.678046
4898,365444267415927552,9.332477,34.897879
4909,364578612453850880,13.668679,37.404371
4917,365362323726122368,9.796617,34.495108
4942,365180801228963200,7.8249,34.335659
4950,364699004682754688,14.653798,37.969803
4985,365485056712788992,9.729045,35.426167
4986,364870086115149440,8.047269,33.442706
4994,364907675669316608,8.618876,33.80905
5020,365492237897655808,9.697136,35.493458
5031,364744187737951488,13.495272,37.946875
5046,365831639098215040,10.004567,36.397309
5071,366251450678306304,6.82936,35.810535
5078,365755639652702464,9.239119,36.05642
5084,365772368549899776,9.060603,36.174347
5108,366226746026386432,6.264631,35.409095
5115,366310824305983488,6.21812,35.899368
5122,365931973829216640,7.083884,34.589802
5141,365699633279185536,9.491155,35.825842
5154,365710662754786048,8.898136,35.571271
5157,365718771653381888,8.998899,35.684333
5171,366481489125372288,8.479193,35.808762
5212,365987602245060736,7.369494,35.269214
5272,366688983289979264,9.414462,37.396659
5297,366791688843161088,7.769793,36.970927
5299,366797770516977152,8.157669,36.877167
5329,366888205348408448,7.691314,37.553719
5330,366889785896134784,7.440798,37.491587
5336,366914177019523328,8.747415,37.510076
5337,366916376042689536,8.571914,37.5119
5362,366550547904211456,8.776724,36.740321
5363,366564158655946240,8.207606,36.383862
5378,367284235693225600,11.63888,37.339678
5385,366643254774078336,8.880898,36.73098
5388,366657101748154496,9.549317,36.880065
5390,366660675161428480,9.576497,37.054461
5397,367205208294972928,11.832417,36.789437
5460,367803239541117184,13.578326,38.679193
5481,367815879629503104,13.758719,38.96417
5498,366732418295108608,9.017505,37.359735
5536,367597042456033152,11.062104,38.428376
5548,367532141204503296,11.571013,38.081697
5598,367849689611851520,12.857699,38.887001
5625,367986548745686528,11.5736,38.822734
5683,367246577419989760,12.317194,37.253084
5689,367439988386741760,10.784319,37.461257
5697,367699473129855360,12.110548,37.928332
5706,367716034525564032,12.737901,38.162754
5716,367430470739245184,10.534128,37.188821
5717,367430981839490304,10.59869,37.242972
5725,366996129286260352,7.790924,37.899982
5736,367921368321952640,12.005811,38.568889
5783,367726235072369408,12.695286,38.280786
5786,367734829301691136,12.436081,38.310464
5798,367624465822022784,12.527468,37.407589
5832,367771869100612224,13.219991,38.370528
5856,368307812297831936,9.838922,38.508049
5894,368124159497431680,12.175079,39.579016
5916,368185865292431872,9.978256,37.63011
5984,368589012398027392,9.035838,39.291631
6024,368213769694144640,10.367387,37.821232
6036,368362130749962112,11.04574,38.806791
6040,368243250349328000,9.516069,37.733383
6049,368501773022276864,9.67836,38.764431
6076,368691954173770240,9.539801,39.664331
6084,368758165389789568,11.066838,39.199524
6098,368748471647766528,11.45593,39.162769
6129,368714906479339392,9.655911,39.679866
6144,368846641715861632,11.411002,39.664381
6151,368381994974016384,10.147945,38.42664
6159,368410444837763840,10.222441,38.881268
6167,369116468740098560,10.064088,40.462775
6168,369119110147605120,10.201612,40.584935
6169,369119698557873024,10.558855,40.293451
6172,369122687852962304,10.618543,40.414133
6176,369133751689225856,10.600528,40.628816
6182,368884398773431552,12.228565,39.813393
6205,369243015660371456,10.758105,40.883968
6207,369244355692396544,10.709079,40.960603
6208,369245867515601664,10.800911,41.023901
6209,369246245475526272,10.807192,41.021607
6210,369246245477997568,10.812207,41.026505
6211,369246348554733696,10.80576,41.05784
6212,369246898310563456,10.643257,40.952565
6213,369247065814142848,10.604329,40.954895
6214,369247310627413376,10.638216,41.007318
6215,369248032181920768,10.614133,40.993325
6216,369248410141502976,10.587794,41.049285
6218,369249097330418560,10.730107,41.052098
6219,369249234769948544,10.74741,41.07153
6220,369250196847896192,10.676105,41.091951
6221,369250540445268096,10.687787,41.137517
6222,369250780963436160,10.744715,41.147907
6223,369250780960956544,10.74543,41.152401
6224,369251124558334080,10.711346,41.175947
6225,369251227637591296,10.903876,41.03397
6228,368960544249277184,11.808798,40.373174
6237,368970027536482304,11.591381,40.283235
6240,368982981157840128,11.85481,40.36167
6252,369055823805707520,10.865823,40.092088
6254,369063726544442496,10.987877,40.233696
6267,369068777424224512,10.804036,40.167284
6268,369068983584414720,10.805118,40.182328
6276,369074240625306752,10.670049,40.298024
6280,369084823423317760,10.252957,39.931708
6285,369094959546257792,10.384708,40.20883
6286,369096196496842112,10.429637,40.206216
6291,369104374114417536,10.110508,40.221128
6304,369515935059414272,17.429113,37.080355
6306,369283594511056384,10.951755,41.448085
6307,369283594511056000,10.948051,41.45222
6308,369283727652861568,10.983016,41.442606
6310,369285071982441856,11.080954,41.50965
6311,369285587376106880,11.014634,41.510736
6312,369285690455318272,11.026598,41.5288
6328,369349595270634496,17.051661,36.342041
6339,369011220567105792,11.839568,40.854865
6344,369025140556411520,10.824397,39.820299
6345,368956489798671744,11.866985,40.323186
6347,369229993316023168,10.876943,40.819695
6348,369230233837514496,10.847876,40.844869
6351,369235319078745472,11.062649,40.946454
6352,369236074993220480,11.146606,40.953416
6353,369238342735715072,10.957635,40.97072
6355,369239266150429312,10.977905,41.008963
6356,369239888923922432,11.012791,41.082315
6357,369241641273046144,10.997716,41.102957
6358,369173780784119424,11.071781,40.559747
6364,369184599806470656,11.287097,40.841329
6365,369190651419143168,11.639598,40.73706
6370,368930475181537792,12.001759,40.18343
6389,369884443253604864,18.090448,37.702439
6403,369166908842273152,11.451184,40.634552
6404,369170516612461184,11.495128,40.708723
6405,369265967963093248,11.105601,41.236642
6406,369266139764253312,11.16763,41.250142
6408,369266964400437248,11.23083,41.283324
6409,369267376717225344,11.311178,41.326926
6414,369271121926309888,11.527271,41.349688
6417,369274283024628608,11.288483,41.376237
6418,369278474910512512,11.088209,41.319495
6419,369278612346153600,11.105982,41.34568
6420,369278612346152192,11.104696,41.345932
6421,369279162104819968,11.012172,41.334649
6422,369279265181187328,11.075991,41.334674
6424,369279814942704128,11.178401,41.335688
6425,369281429844649344,11.15815,41.421176
6426,369281567283592832,11.183274,41.440226
6427,369281562990622848,11.183285,41.440707
6428,369281601643316736,11.194178,41.456752
6429,369281601646474880,11.187263,41.463953
6430,369281842164642432,11.160811,41.463025
6431,369282391920223104,10.985087,41.367469
6432,369282426276453504,11.000291,41.386551
6433,369282666798374784,11.048779,41.398314
6434,369282666798374912,11.044169,41.397528
6436,369282868659348352,10.992353,41.410641
6437,369282907316535040,11.010923,41.424087
6438,369283010395747456,11.016428,41.438512
6439,369283079114988928,10.94448,41.374475
6441,369283353989379200,10.927334,41.396085
6442,369283353992891136,10.92296,41.407102
6453,369920246101067904,18.678806,37.979005
6457,369251846112866304,10.938282,41.102382
6458,369252189710488320,10.952169,41.130077
6459,369252430230892544,10.87709,41.09507
6460,369252533307626496,10.882197,41.129529
6461,369252876905008768,10.902768,41.136694
6462,369253254858699904,10.904936,41.174738
6463,369254285654265088,10.998867,41.221023
6464,369254418795610752,11.011482,41.240154
6465,369254938489288320,10.954624,41.237678
6466,369255110284530688,10.976118,41.236571
6467,369255282086664960,11.016153,41.276155
6468,369255350803322112,10.976816,41.253755
6469,369255488245092992,11.003474,41.286798
6470,369256033703150976,10.82592,41.181847
6471,369256038000921728,10.814224,41.190257
6472,369256072357224320,10.808269,41.188797
6473,369256484677516416,10.825531,41.20811
6474,369256622116465024,10.838004,41.235608
6475,369256720897947136,10.779952,41.196752
6476,369257000073589760,10.756554,41.207466
6478,369257137512536064,10.771876,41.241248
6479,369257206232009344,10.7622,41.25626
6480,369257412390441984,10.845812,41.257048
6481,369257515469657216,10.794243,41.247581
6482,369257549831801088,10.801875,41.268024
6483,369257614254162816,10.77821,41.27475
6485,369257893426785024,10.905341,41.245421
6486,369258133944947584,10.856668,41.260304
6487,369258992938652032,10.859361,41.302126
6488,369259027298137856,10.879612,41.304059
6489,369259267818676096,10.832017,41.318627
6490,369259783212375552,10.8583,41.358795
6491,369259813274821120,10.869822,41.376946
6494,369209652354421760,11.535684,40.967703
6495,369210889303008640,11.45509,41.030383
6496,369210958026948096,11.475963,41.039758
6500,369215184272276736,11.354326,41.106142
6507,369224186523703552,11.549789,41.328198
6508,369225560909804032,10.952415,40.710254
6512,369285961036044544,11.09609,41.551758
6513,369286785669642880,11.252726,41.476637
6514,369286858688846720,11.241344,41.489942
6515,369287545881206784,11.193268,41.488259
6516,369287717676696576,11.233528,41.523119
6517,369288026919946240,11.253701,41.516849
6518,369289813623919104,11.314956,41.588091
6519,369290019784758016,11.260764,41.612575
6520,369290084206257280,11.299396,41.620187
6523,369290122861554304,11.305842,41.6266
6524,369290535176147456,11.327291,41.670416
6525,369292699842218624,11.140866,41.641257
6526,369293146521091712,11.284687,41.660517
6527,369294864508017664,11.266932,41.77247
6528,369296445050807296,16.859727,35.780125
6539,370005973648248320,18.990678,38.197307
6564,369141379554239360,10.307488,40.566142
6565,369141448273697536,10.303308,40.571477
6566,369141551352914560,10.278528,40.574682
6567,369141551349246336,10.268944,40.578909
6568,369141620070881920,10.262034,40.582874
6569,369141654428460672,10.272484,40.583149
6570,369141688790356224,10.288157,40.598032
6571,369142272905897472,10.318878,40.650813
6573,369142440417904896,10.243533,40.609768
6575,369143922174914432,10.362548,40.693683
6576,369143990894286080,10.414545,40.675875
6577,369143990892813056,10.411846,40.681759
6578,369144197052579840,10.42625,40.711104
6579,369144192755719168,10.427868,40.714532
6580,369144403210068736,10.41126,40.733094
6582,369145811959348480,10.575999,40.665833
6583,369145983757644288,10.508066,40.670248
6584,369147186349816576,10.512813,40.746414
6585,369147598666859520,10.529731,40.76943
6586,369149179214844544,10.620712,40.832196
6587,369149282293992192,10.556628,40.810775
6588,369149316652787584,10.567955,40.840048
6589,369150484883897728,10.470845,40.78602
6590,369150691040639360,10.500066,40.809433
6591,369151378235462656,10.439889,40.831902
6592,369151550036723072,10.410522,40.826751
6593,369151550035845248,10.419232,40.835172
6595,369151893632621952,10.470082,40.868087
6596,369152271591229184,10.556914,40.839292
6597,369154161373499520,10.52393,40.949459
6599,369154230095055232,10.513699,40.970515
6600,369154363238632064,10.530512,40.98922
6608,369743426592332032,16.714246,37.691874
6644,370152552292185088,17.835735,38.346549
6683,369374338577974784,16.705809,36.250166
6689,369406705451156480,16.734879,36.624242
6716,370656918892098688,15.681467,38.740327
6718,370381250711179776,17.998473,39.691613
6720,370384927202137984,17.901492,39.733274
6722,370390695342823552,18.186538,39.611397
6735,370413548864762752,18.270766,39.926968
6736,370414029901339648,18.277156,39.978213
6766,370244013620138240,17.270067,39.006696
6775,371309925719463424,16.709898,40.10459
6787,371321779829494528,16.408822,40.229856
6800,370911387114102272,15.716248,39.716893
6818,371202585896915328,17.26167,40.124578
6857,370864791012681984,15.376039,39.09078
6880,370692373846531712,16.018021,39.159716
6890,371482377246528640,16.366826,40.812895
6899,370368331449323776,17.769244,39.275151
6918,371286664176878976,16.020136,39.818518
6953,370940829114372992,15.185938,39.557333
6965,370964163672634112,15.55173,39.913982
7039,371884038292643584,19.280723,40.194305
7082,371594007739896064,20.329588,39.449857
7119,371952036213915520,18.813528,40.495489
7123,371958637580093184,18.816569,40.702162
7125,371960110752667648,18.782056,40.760668
7158,371620228516613248,19.493369,39.248093
7160,371626207109909504,19.500621,39.283279
7164,371635312442044928,19.137918,39.319156
7168,372041990009026944,19.442001,40.785529
7196,372258907333526656,21.801156,41.31974
7218,371604388677565568,19.795532,39.416496
7229,372044777444181376,19.276746,40.805436
7268,371114861189993600,16.645181,39.89993
7270,371116033715762432,16.870515,39.85931
7296,371018039742382464,16.906776,39.374311
7309,372025742148105984,19.89636,41.046604
7313,371428123219915392,16.80641,40.695707
7333,371239591334939008,17.734058,40.499014
7355,371393763481308544,15.98233,40.626692
7358,371398329031437824,16.184056,40.709672
7371,371528724243475712,17.011695,41.537014
7379,371538864656055808,16.942256,41.507396
7381,371541682154982784,16.930352,41.616971
7423,372347314940533760,21.196135,41.988525
7426,372356832587680512,21.792387,41.892402
7488,372960636270542336,17.507361,41.271853
7504,372766675547662720,17.58875,41.022082
7507,372564262329241600,20.693482,42.423048
7508,372564468485639552,20.67635,42.433368
7515,372715513896868096,18.671881,40.917035
7551,372395521653550208,20.454948,41.246552
7554,372676584313209472,18.325104,40.429609
7555,372678027422221312,18.249143,40.42213
7574,373050590064946176,16.990519,41.935653
7595,372791277119899648,18.561545,41.461466
7604,372302887798653184,22.270579,41.923448
7605,372306255053326720,22.089084,41.790517
7657,372453692690610944,20.764699,41.919709
7689,372592123780570496,20.898273,42.682402
7698,372520178784357632,19.922607,42.190457
7724,372973035840323456,17.356446,41.282814
7734,373098384461336320,18.240744,41.967668
7745,372631878003524480,20.415227,42.818515
7747,372633149308763648,20.323296,42.874464
7772,372820723415662720,18.994057,41.299123
7780,372831546733101952,18.779334,41.26318
7797,372578624699542784,21.353064,42.554601
7813,373483660209049984,19.502367,43.528386
7837,373405732321878272,19.866839,43.181953
7838,373406866193336064,19.756325,43.237642
7867,373268426511413120,19.30166,42.463552
7873,373333061475035520,18.872303,42.683697
7887,373033307115544192,17.192543,41.761595
7913,373114529243945344,17.927536,42.157721
7930,373003654662655232,18.026358,41.822881
7964,373554578708518144,18.639028,43.190587
7987,373136008373888768,18.195869,42.423538
8005,373951124448739840,15.053923,39.815773
8056,373347904881654912,19.040722,42.879666
8065,373918895012273664,14.088327,39.827864
8082,373883878145504640,13.773584,39.477202
8094,373902054446375296,13.60401,39.715425
8100,373915149802516736,14.21326,39.798194
8109,373662571367294592,18.738921,43.545147
8115,374120552317861376,13.6924,40.033327
8124,374153984342538496,13.03877,40.01052
8136,374048637386267008,14.787893,40.4184
8141,374067599665991808,14.548472,40.579837
8181,374111786289003904,13.330795,40.034105
8202,374216862664475904,13.254841,40.75267
8309,375183333386028800,13.32059,42.189338
8319,375211061695211008,11.863452,41.202907
8330,375121073539574912,13.684488,41.797685
8332,375124646952859648,13.399402,41.878177
8339,375145194075690752,13.209378,41.685547
8340,375145640752961536,13.234788,41.746953
8349,375162820621430528,12.997258,41.89557
8353,375168696137481728,12.738015,42.084743
8369,375023075270246272,12.296794,41.122414
8390,374660103288605056,14.896027,41.525051
8391,374660103290275840,14.897335,41.526414
8426,374776823320891008,14.46637,42.328402
8432,374629896783498880,15.83115,42.275245
8436,374446935473299840,15.207516,41.033016
8448,374720954386008192,14.482888,41.715825
8453,374726756885896704,14.510729,41.721951
8479,375228825678080256,11.754912,41.401813
8481,375232330374311296,11.742094,41.565782
8485,375235938146840192,11.99807,41.591295
8486,375236792842456192,12.035493,41.678289
8491,375243428568818944,12.323427,41.585629
8492,375244253202539264,12.466954,41.610766
8493,375244356280024960,12.415832,41.591604
8509,374861107759013760,14.734951,42.460615
8510,374861206546952832,14.720852,42.457993
8514,374881208205868416,14.585516,42.702155
8519,375579776047001856,13.069747,42.656248
8544,375264727309943040,11.990749,41.812621
8547,375267789624348544,12.285717,41.830848
8549,375268648616862976,12.262661,41.916022
8551,375272909225359488,12.150229,42.026226
8567,375391587760577280,12.823366,42.509539
8591,375084819720231296,13.208737,41.358355
8599,375096368887487872,13.310503,41.556779
8603,375097090442732032,13.281465,41.600255
8620,375371384233720320,12.180862,42.267226
8631,375052147904534400,12.554002,41.486006
8640,375396501203160832,12.57572,42.595619
8666,374706145339654528,14.999669,41.901762
8668,374706244123069952,14.985335,41.927892
8670,374786615847366400,15.451318,41.981894
8681,374819906142470144,15.594039,42.318202
8701,375250708536870400,12.54152,41.683621
8703,375305791494903168,11.623278,41.997962
8704,375305890277499648,11.61256,42.031318
8728,375306409969300480,11.525875,42.014697
8729,375307509480663936,11.434618,41.957701
8730,375308192379425792,11.389097,42.006787
8731,375308265393787776,11.420332,42.017648
8732,375308437194706816,11.374497,41.97748
8733,375309639785742080,11.474612,42.038332
8738,375317370726733056,11.727135,42.013348
8746,375669729842474752,14.185656,43.24307
8773,375421137134846208,12.005999,42.425819
8786,375332901328619008,11.544079,42.212146
8799,375281945836501760,11.543078,41.627885
8805,375292872230831360,11.753799,41.91231
8806,375294315341043840,11.439904,41.661736
8807,375294624579892480,11.43557,41.698554
8808,375294963879585408,11.451513,41.711135
8809,375295964609685376,11.439827,41.764591
8810,375296067688047616,11.424359,41.759299
8811,375297510798086400,11.474556,41.793533
8812,375297716956483584,11.453517,41.805588
8814,375300225213950208,11.307362,41.835472
8815,375301256009450752,11.436231,41.866518
8816,375301286072306560,11.430259,41.88347
8817,375302488662816640,11.359979,41.943879
8818,375302664757445504,11.309944,41.961312
8819,375303111434178432,11.57323,41.866147
8820,375304073506843392,11.488505,41.891924
8822,375332111051286272,11.645705,42.195882
8823,375332317209720448,11.642772,42.189801
8824,375332317212063872,11.638452,42.194018
8825,375332317212904192,11.643173,42.19527
8826,375332312928200960,11.644847,42.195114
8848,375435052829547008,11.707718,42.46132
8849,375445326390473728,11.706204,42.746349
8857,375695598429992192,13.934865,43.599591
8876,375896469755799552,11.916082,43.874177
8937,376337339558445184,15.527492,42.801833
8984,376579365259767808,15.461392,44.324678
9057,376541436404993408,15.681045,44.476639
9068,375970235818489984,12.679101,44.323663
9073,376326791117172352,16.41199,44.014431
9077,376445022979133312,15.08496,43.696616
9083,376113107904573824,16.766151,42.720034
9085,376122831711927680,16.229882,42.367694
9098,376471273817037824,14.893986,44.094106
9119,376278034650612736,16.493731,43.520027
9125,376351667570028672,15.292212,42.973934
9146,376144615786582144,15.808392,42.632224
9149,376148567156491648,16.005828,42.68848
9183,376908295330602496,16.115414,44.543327
9185,376918324079358720,15.68196,44.606533
9196,376390455418148992,15.328478,43.393874
9203,376788757803808000,17.257101,44.901775
9232,376595793511060992,15.342549,44.75591
9251,376814699406172928,17.396106,45.129498
9304,377608168843337728,13.565361,45.282072
9310,377412558852140032,13.678152,45.115571
9345,377573602945432704,12.701768,45.282826
9346,377573740384917504,12.664634,45.288946
9348,377261406066532608,13.686177,44.183221
9361,377227497300153856,14.53805,44.279401
9397,377742824658125312,14.930714,45.184874
9413,377888406869775872,15.056888,46.090443
9435,378261416188006400,13.009737,47.55055
9436,378261450545968512,13.027058,47.550232
9437,378261450549882496,13.020756,47.548273
9438,378261450545936640,13.022941,47.554741
9439,378261450547748864,13.019267,47.556759
9460,377770514310414720,14.552925,45.531777
9467,377952247264304128,14.530047,46.294696
9548,377947162019752960,14.915796,46.79703
9556,378486090220593024,6.628589,37.062887
9559,378245267113139072,13.157785,47.283157
9568,378476542508221696,6.337299,37.056936
9572,378561990883514112,6.42984,37.486273
9616,378361815341956096,5.791004,36.447379
9653,379082270337142528,7.207155,38.491307
9684,378976850367379328,6.890005,38.130919
9695,378847696404261760,5.801048,38.484385
9700,378866212005755392,7.044044,37.27004
9702,378872504134348672,7.089202,37.422091
9725,378717747873488256,4.913276,37.690305
9728,378736233412983040,5.939473,37.529701
9740,379369277231259776,6.913811,39.416883
9760,379641608222943360,4.668608,38.419933
9784,379391817220208256,6.698991,39.746134
9788,379244173422790784,6.010648,38.747835
9792,378898785043129728,7.024706,37.799323
9802,378796569112445312,5.229772,37.684604
9819,379208989052011648,6.717511,38.749474
9825,379559011705871872,4.099282,38.421623
9843,379338903222731264,7.633217,39.559675
9857,379412707940513792,6.83694,39.794044
9862,379417690103243264,6.857771,39.898009
9863,379424665129574144,7.013505,40.048765
9873,379723732293275904,3.67158,38.308454
9914,380231912821834368,6.124389,40.448069
9922,379695351148926080,4.883809,39.091411
9955,380185183580302592,6.516408,40.111568
9958,380189817848175616,6.489453,40.214445
9960,380194117111088512,6.737147,40.296946
9965,380500605977669504,5.397459,41.115675
9972,380150136645929600,6.207773,39.728045
9980,379629243013481600,5.131252,38.770815
9981,380345918433758208,4.702451,40.012933
9986,380514384232726528,5.329605,41.261915
9995,380138419975149696,6.249698,39.703678
9998,380730472627561728,9.470733,39.909638
10001,380733977320862464,9.589973,40.060299
10038,380296337333316352,4.662748,39.850086
10075,380589082302485632,8.415083,39.381114
10093,380452605423649792,6.086602,40.855306
10097,380649933399630720,7.864676,39.539409
10098,380660894155337856,8.390788,39.521879
10099,380660997235595776,8.424432,39.544761
10104,380946183064146176,7.701285,40.409329
10116,380801219328810624,9.19474,40.328408
10122,381068847330447872,7.825809,40.949534
10132,380988651701155968,8.695955,40.62316
10143,380834616993751296,9.086935,40.893649
10173,381022805281094272,9.069476,40.974027
10176,381119351849304576,9.937539,40.345455
10177,381121344735897600,9.915888,40.481918
10178,381122547305088384,9.791004,40.45109
10179,381123135719937792,9.710631,40.458583
10181,381124475748082688,9.890526,40.520728
10183,381126395595891968,10.009551,40.501326
10184,381126464319426944,10.06879,40.488952
10185,381127396327292160,9.95207,40.525134
10186,381128633274299136,10.100448,40.606242
10187,381128667634056320,10.148099,40.576641
10188,381128736357177216,10.144506,40.594761
10190,381129286109323904,10.05418,40.605358
10191,381129320469057920,10.06405,40.615118
10192,381129423551939968,10.080913,40.624732
10193,381129492269874944,10.045747,40.603186
10194,381129487973618816,10.042823,40.607269
10195,381129595350540288,10.035107,40.633185
10196,381129728506051072,10.069038,40.654263
10197,381129728505993216,10.064484,40.666478
10199,381129831570051072,10.097906,40.649173
10201,381130110743012224,10.078523,40.667922
10202,381133306201068416,10.084628,40.732861
10203,381137081474673024,9.786254,40.572534
10204,381137291932194432,9.728176,40.582325
10208,381147771650635264,9.935854,40.88194
10212,381097709510749056,8.587284,41.471693
10222,381117122765721344,9.852551,40.241406
10223,381117809958309632,9.912452,40.322783
10224,381152753810595456,10.205874,40.69217
10225,381153234850620416,10.215252,40.735092
10226,381153406648029568,10.152216,40.670864
10229,381155399510377216,10.28937,40.818701
10230,381156567745223808,10.283072,40.883564
10231,381156808259668864,10.113651,40.756721
10232,381156941419648768,10.128721,40.784127
10233,381157735976392576,10.135755,40.837098
10234,381159007286740608,10.193248,40.861304
10235,381159110365863424,10.201498,40.86613
10236,381160759633295616,10.202406,40.960022
10237,381161068869613440,10.187615,40.998919
10238,381161206306336512,10.373919,40.850172
10239,381161618625458432,10.367163,40.897134
10240,381162580698195456,10.310537,40.930826
10241,381162718138385920,10.328033,40.954342
10242,381163508411057280,10.463189,40.961137
10243,381163886368252928,10.513343,40.980595
10244,381164569269314944,10.448652,41.015358
10245,381166085388936576,10.33718,40.984492
10246,381166119751161344,10.318697,40.984223
10247,381166154112270080,10.324268,41.006352
10248,381166222830374144,10.359998,41.003847
10249,381166325909585920,10.302291,41.00781
10250,381166974450096896,10.20832,41.027712
10251,381167116181617408,10.24226,41.051114
10252,381167425421202432,10.25832,41.048552
10253,381167494142009344,10.255049,41.068906
10254,381168662371881088,10.423661,41.123964
10255,381169280847056000,10.321871,41.135907
10256,381297477042606848,10.82229,41.524869
10257,381298542188356224,10.772782,41.574238
10258,381298920137377792,10.747789,41.622633
10259,381298920151606656,10.738352,41.623145
10260,381299023230820352,10.758015,41.630027
10261,381299366817304192,10.782358,41.643936
10262,381299396893842944,10.798758,41.650501
10263,381299916584018432,10.876244,41.648955
10264,381301222247908480,10.843822,41.734896
10265,381302527924414592,11.138342,41.691049
10266,381302871521796864,11.116671,41.736267
10267,381304074108972800,11.175451,41.731807
10269,381306101337193472,11.127938,41.86626
10271,381306818584131200,11.033131,41.784049
10272,381307819324112640,10.914213,41.838305
10273,381310499372267776,10.974292,41.962225
10274,381311186572046976,10.764629,41.675412
10275,381314588192279680,10.793124,41.841983
10277,381316100017473792,10.655513,41.848228
10278,381317096453465600,10.59549,41.874555
10279,381318642635207680,10.59538,41.907628
10280,381271054397725952,10.630204,41.327456
10281,381271088757461760,10.637938,41.338016
10283,381271393691817472,10.596458,41.362107
10284,381271844671685248,10.701365,41.418499
10285,381272153915455104,10.590469,41.368154
10286,381272394427493888,10.61443,41.425602
10287,381274112414394112,10.75598,41.504829
10288,381274490371515136,10.703565,41.497952
10289,381274760947526400,10.676601,41.531826
10290,381274902691110656,10.716561,41.518946
10291,381274932746228352,10.724978,41.537307
10292,381275040127319808,10.747049,41.546508
10293,381275589889380352,10.395779,41.248635
10294,381276380149176576,10.39981,41.320783
10295,381276448876636800,10.428798,41.335053
10296,381276517596108160,10.407829,41.347232
10297,381276586315267200,10.339644,41.291727
10298,381276964279141760,10.331036,41.330187
10299,381277651473597696,10.459975,41.334359
10300,381278991497251456,10.444499,41.421983
10301,381280709490207616,10.310583,41.411184
10302,381281156160464128,10.246175,41.411716
10303,381282079571583744,10.386745,41.434778
10304,381284970097839360,10.628167,41.507594
10305,381285279321284352,10.587756,41.537265
10306,381285378106567680,10.50361,41.485982
10307,381285451128048384,10.500552,41.493261
10308,381285760371818368,10.510637,41.520051
10309,381286550639667968,10.643906,41.547606
10310,381286619351071232,10.667102,41.563002
10311,381288028108388608,10.582485,41.637871
10312,381288715303177728,10.442827,41.538453
10313,381289024532724352,10.429617,41.572251
10316,381291391061245952,10.588591,41.663088
10317,381292185642870656,10.533505,41.722688
10318,381292632319468160,10.568431,41.755705
10320,381293491298814848,10.910926,41.496427
10321,381293521364176256,10.885212,41.485391
10322,381293800550606976,10.9571,41.502802
10323,381294041062649600,10.958741,41.531285
10324,381294861394587648,10.930744,41.568331
10325,381295346735440000,10.982532,41.543089
10326,381296137013082624,10.996326,41.611522
10327,381296240092296576,11.036628,41.632209
10329,381296411876521216,10.92667,41.589816
10330,381296686762481024,10.906257,41.609602
10331,381296755481957376,10.939583,41.616001
10332,381297064726016000,11.020452,41.651476
10333,381174469165073920,9.962517,40.969642
10334,381174572246550784,9.917383,40.950684
10338,381178386177699456,10.03915,41.184821
10339,381178661056968576,10.010676,41.198226
10340,381179279528410880,10.24581,41.094138
10341,381179447035020160,10.254365,41.109074
10343,381180860078865280,10.203001,41.201994
10344,381180963158100864,10.27336,41.128521
10347,381184124255500544,10.131516,41.239618
10348,381184983248825600,10.126159,41.269107
10349,381186735595617408,10.11001,41.309783
10350,381187250990169600,10.188227,41.369414
10352,381189140775645568,9.501053,40.732223
10359,381328125914745728,10.658176,42.191942
10363,381333554761457536,10.127916,41.615481
10364,381334413754913024,10.132827,41.654735
10365,381334654279436288,10.085305,41.680388
10366,381334688632817664,10.102407,41.67292
10369,381334791707418752,10.109054,41.70131
10370,381337059455029888,10.385768,41.642395
10371,381337712281919488,10.439724,41.700878
10372,381339602067499520,10.435892,41.774505
10374,381341629300202624,10.299378,41.763676
10379,381348020203114240,10.10671,41.714915
10382,381350872069570816,9.980323,41.79613
10384,381252053458111616,9.998327,41.630195
10385,381252912450495872,9.932266,41.622678
10387,381258203858208896,10.513246,41.073254
10388,381258341297161600,10.542654,41.08945
10389,381258410020330240,10.58562,41.077128
10390,381258856696921088,10.593207,41.135766
10391,381259028491928320,10.487534,41.087374
10392,381259200290618240,10.528768,41.132314
10393,381259509528264320,10.54639,41.126089
10394,381259818769582336,10.532424,41.157264
10395,381260128003555072,10.620961,41.137677
10396,381260162363292672,10.629951,41.147596
10397,381260437232817920,10.61493,41.167422
10398,381260471600936064,10.634017,41.174422
10400,381260574680147200,10.633572,41.193682
10401,381260574680145536,10.629323,41.205077
10402,381260609039964416,10.669412,41.175943
10403,381260643391245056,10.69918,41.187156
10404,381260815198314240,10.68204,41.211882
10405,381260815198500608,10.689368,41.21592
10406,381260815198312960,10.692544,41.219192
10408,381260845256656768,10.705998,41.227661
10410,381260948335770880,10.642896,41.212462
10413,381261021348342656,10.683149,41.229144
10414,381261021348337920,10.67573,41.230715
10415,381261090067800064,10.666901,41.234485
10416,381261090074681216,10.671157,41.23989
10417,381261090074913792,10.673846,41.241526
10418,381261364945730432,10.602335,41.211895
10420,381261674191749888,10.589822,41.238811
10421,381261708543107200,10.629568,41.221994
10422,381261738609754112,10.643346,41.233873
10424,381261742911578880,10.648048,41.242835
10426,381261777276255872,10.625684,41.244071
10429,381262017780593664,10.623321,41.253472
10431,381262017783516544,10.624567,41.25954
10432,381262052152478720,10.602573,41.272906
10433,381262086502426368,10.609565,41.282847
10435,381262155228067200,10.650401,41.293182
10436,381262189577309440,10.624703,41.290459
10437,381262223944975360,10.638533,41.295094
10438,381262704987570176,10.475425,41.183545
10439,381262773703387264,10.45995,41.203436
10440,381262842422877440,10.508008,41.185418
10441,381262945502184064,10.529635,41.203347
10442,381263598337094400,10.439632,41.225172
10444,381264319895421184,10.460547,41.273932
10446,381264835285089024,10.51969,41.279739
10447,381264972724038272,10.550646,41.29967
10448,381264972724039040,10.53956,41.295992
10451,381265178882471296,10.623581,41.303082
10452,381265247601943168,10.608659,41.320777
10454,381265316327553664,10.572633,41.31545
10455,381265350687283840,10.551599,41.316844
10456,381265380737551104,10.564114,41.327165
10457,381265556842601728,10.503229,41.275692
10460,381266175314870272,10.536685,41.339272
10461,381266587631716608,10.5309,41.379896
10463,381266690713566208,10.731999,41.242602
10464,381266725073308800,10.715178,41.234338
10465,381266759424979584,10.720761,41.248772
10467,381266793796658304,10.748137,41.251174
10468,381266793798331648,10.743463,41.248667
10469,381266793798343168,10.736257,41.248728
10471,381266828144027008,10.747212,41.260662
10472,381266823851170048,10.755074,41.269559
10473,381266896871981312,10.74941,41.268264
10474,381266896871976320,10.742169,41.281314
10475,381266965590766720,10.714274,41.261291
10476,381267068670089728,10.72562,41.270562
10477,381267068670642944,10.721573,41.270681
10478,381267103029737600,10.730794,41.293025
10479,381267171748352896,10.721677,41.289427
10480,381267274829357312,10.75648,41.28167
10482,381267304887543040,10.766068,41.301323
10483,381267309181926400,10.763505,41.307189
10485,381267343548568064,10.791693,41.30445
10486,381267446627775744,10.791034,41.316883
10487,381267480987517184,10.740303,41.300476
10488,381267480987806720,10.743946,41.30487
10490,381267480987515008,10.740841,41.306716
10491,381267515341236736,10.759651,41.307794
10493,381267549711949696,10.739074,41.309214
10494,381267545405704064,10.731706,41.309742
10495,381267584067317120,10.745706,41.31806
10496,381267584064157696,10.748511,41.322015
10497,381267584059879296,10.751271,41.328985
10498,381267648484928512,10.781274,41.338801
10499,381267721503107072,10.765762,41.341158
10500,381267721503102080,10.763755,41.356021
10501,381267790224423168,10.687997,41.296754
10502,381267893295095424,10.703986,41.303114
10504,381267927653610496,10.714097,41.308256
10505,381267927664456832,10.714387,41.315901
10506,381267996381015296,10.708553,41.324487
10507,381267996373053184,10.695182,41.328875
10509,381268030749174016,10.660979,41.299201
10511,381268168171742720,10.677188,41.329965
10512,381268236891200000,10.666282,41.344575
10513,381268305618660992,10.723429,41.326223
10515,381268408689895424,10.731931,41.349904
10516,381268649210460032,10.690886,41.366693
10518,381269370776648960,10.81834,41.401259
10520,381270431619296128,10.754129,41.437531
10521,381270504641892736,10.811003,41.420412
10537,381227451881536000,9.737295,41.174515
10538,381231368894221952,9.857256,41.392553
10539,381233842795396352,10.135252,41.362278
10540,381234633068344320,10.160306,41.423189
10541,381234804868065664,10.074678,41.377864
10542,381235423343345664,10.110347,41.457402
10544,381242192211591552,9.639602,41.347927
10546,381244769193722496,9.580538,41.341855
10555,381628528813180800,8.812696,42.497069
10563,381507926131383936,9.020734,42.03598
10571,381322624064205952,10.896424,42.027034
10574,381324655581232768,10.698242,42.007134
10576,381325583302325632,10.659078,42.036969
10581,382174333257145600,6.293751,42.335801
10582,381363825691171328,10.512365,41.867241
10586,381366402677716864,10.561353,42.02683
10588,381372553064661760,10.517708,42.057365
10591,381382001999374464,10.198302,42.144974
10592,381384097942968832,10.20199,42.203045
10598,381852897904071680,7.61382,41.605268
10611,382184885993221760,6.327264,42.594604
10631,381450446584518784,9.593606,41.909752
10632,381450515304590336,9.561609,41.920718
10638,381491643909524352,8.587023,41.797534
10641,381495732719552000,8.715891,41.873283
10646,382340707406330880,7.428816,42.731229
10647,382342253594614784,7.468919,42.738822
10666,381412719591854464,9.249503,41.425042
10675,381541121935116544,9.78053,41.941727
10677,381894889800951552,7.42847,41.631498
10688,382071567574148352,6.140118,41.92709
10693,382091908540843264,5.824676,42.2817
10706,382362109226667136,7.657947,42.956212
10713,381745150061172480,7.437459,41.219276
10724,381463572003513216,9.410361,41.9999
10737,381869218779992320,8.183677,41.744596
10743,382134853917885696,6.491944,42.437573
10758,382258587631237760,8.325801,42.265604
10759,382261641351320960,8.062096,42.136741
10762,382265558361515392,7.95663,42.178421
10765,381616507201111296,9.05172,42.453903
10773,382374341294492416,7.225671,43.13766
10784,382422655380936448,8.534255,43.218706
10796,382433375621183104,8.427402,43.390859
10866,382703237008764800,7.304711,43.983798
10885,382965230012013952,3.365737,39.756595
10893,383451935705983488,4.128676,41.03178
10898,382583699478189696,6.557065,43.465057
10911,383320715864354304,2.233487,40.972044
10922,382732438487294336,6.747934,44.382601
10987,383511343691389568,4.935771,41.142473
11004,383422042732588928,4.360858,40.86582
11009,383176061366757248,1.628588,40.121345
11028,383488631904442240,4.346255,41.428232
11085,383855868789342592,3.884201,42.829665
11116,383757492561640832,3.384313,41.937171
11135,383615075741627904,4.280374,42.17625
11144,383705201336598272,3.664745,41.778094
11210,384437781025126656,0.51679,42.552734
11225,384715064111033600,2.08735,43.263383
11226,384715102767265280,2.098372,43.265299
11270,384161700523881088,1.549766,41.689172
11271,384163869484631936,1.625865,41.773952
11279,384646142770330752,2.781233,42.939178
11286,384453453358747776,0.307398,42.769556
11296,384189806790545024,2.091339,42.192778
11317,384586627407758976,1.693273,42.615543
11350,384809626406801408,0.832724,43.259168
11357,384778114230095872,1.341188,42.755751
11375,385501219221327744,3.842399,43.808682
11376,385508159886476800,3.936679,43.935577
11382,384796015653877888,0.918677,42.974912
11397,385345260367239168,3.951046,42.855326
11409,385457066957456256,3.562783,43.796818
11423,385322823458150912,4.609586,43.679642
11451,385203114132820992,5.518971,42.754672
11456,385252867033942400,5.269413,43.332304
11535,384922910465510912,1.113815,43.613609
11537,384927239792558080,1.321977,43.700364
11542,385072478406929536,5.355375,42.222299
11586,386000363141709568,3.227785,45.098832
11598,385766235883614208,5.655507,44.368734
11599,385769019023835648,5.689732,44.510134
11607,385993010157900800,3.337799,44.980856
11611,385709061280420864,4.703942,44.068707
11636,385545062247336576,3.943338,44.401273
11666,385870792567211136,5.107748,45.214047
11693,385939851345646080,4.414802,44.731424
11751,386262596663381120,1.88612,44.144563
11759,386183225669616512,3.163266,46.507229
11775,386331522298777088,2.693434,44.497255
11826,386085850169904256,4.256504,45.661846
11855,386720611976501376,0.671535,46.049744
11869,386782150265688320,2.944547,45.439847
11871,386911853982292224,2.453615,46.217674
11919,387230407415253888,1.178847,47.361741
11921,387096022180624256,0.824245,46.815034
11929,387134337585290368,0.764328,46.656745
11936,386960889625006208,2.258046,46.390753
11943,387352139670486912,11.188723,42.534543
11967,387865684615948160,9.179064,44.744669
11973,387878603877839744,11.391235,43.63086
12007,387620699680521472,9.681637,43.250525
12015,387074208041779328,1.36656,46.543559
12026,387950067837923456,10.840107,44.073732
12052,387506350472938752,11.18987,43.442997
12054,387507067731453312,11.162304,43.441263
12071,387568988275961216,10.822644,43.872291
12088,387384648278786560,10.423292,42.366058
12097,387907427402708480,11.082346,44.14672
12103,387518513820321408,11.115248,43.622862
12111,387815996138133888,9.366766,44.190669
12121,387470444546251008,11.072805,42.951381
12139,387364960149543040,11.003504,42.580131
12142,387373824961273728,11.041782,42.782721
12156,387325618249152128,11.151853,42.289038
12169,387310053287673088,11.183173,41.887101
12170,387310122007144576,11.256067,41.876472
12171,387310225084488576,11.2334,41.900162
12172,387310328164901632,11.244633,41.910213
12174,387310328163704960,11.231972,41.911228
12175,387310362523360256,11.244627,41.926848
12176,387310637402542464,11.197499,41.949392
12177,387310740481800960,11.140802,41.881843
12178,387310736185042304,11.138349,41.886403
12179,387310740480491008,11.144508,41.891047
12180,387313661058210944,11.194296,42.063961
12182,387319570935244160,11.19654,42.092182
12188,388018551091004544,11.577731,44.40374
12192,388341390897758080,10.589572,45.760343
12200,388098196965667072,10.900287,44.983133
12215,388083589780667008,11.361524,45.365585
12327,388199833072203392,10.356511,44.947563
12354,388453231847821952,8.367719,43.658413
12375,388445260387711360,8.70133,43.729312
12417,388629913918499584,8.531533,44.89825
12459,388981203585240448,6.4408,46.03593
12461,388988767027818752,6.223271,46.295454
12470,388767215434859392,7.184126,45.063259
12478,388853527094116352,6.234795,45.544417
12490,388869878034177024,7.426515,45.381512
12494,388913519200841344,7.196086,45.774283
12497,389088066670116608,7.88854,45.715905
12510,389111671809484928,8.130818,46.04813
12513,388641115193269376,8.556313,45.166453
12517,388713025828018688,7.687565,45.562918
12520,388718081005789184,7.283079,44.277559
12524,389003472991906432,8.80634,45.177212
12555,389059032691332736,8.483378,45.871788
12562,389119815067607040,8.217239,46.250829
12570,388840917073465856,6.351617,45.281057
12575,389221515595831808,8.483638,46.59962
12579,389177883024904448,9.12876,46.390381
12593,389083939203556096,8.045202,45.836232
12621,389334941387756032,7.32383,46.499294
12631,389388130267223040,6.927581,46.745782
12634,389382941946757888,6.304479,46.827666
12636,389421940248605696,7.63896,46.670729
12637,389427678322601216,7.555009,46.840622
12645,389398953584802176,6.768829,46.917288
12646,389400323674236032,6.741985,46.985321
12650,389313638349545472,7.114822,46.4737
12671,389587588546027520,11.390747,45.55293
12680,389624971941008768,11.675412,45.945209
12699,389491067744724224,7.013277,46.982601
12711,389742825841785472,12.062821,46.350917
12732,389685097186284800,11.106974,46.056251
12736,389281404619981056,7.486079,45.901601
12737,389794021854392320,11.120319,46.608285
12743,389747189531419392,12.267421,46.436107
12761,389803264625017088,11.077612,46.683497
12786,390354463546421504,11.428185,48.04605
12818,390163109865794176,12.418914,47.166228
12833,390230287453136128,11.795596,47.423515
12859,389651944335504896,10.980345,45.751511
12882,389995026324900224,10.885196,46.948593
12885,390112394892663936,9.644417,47.753351
12888,390055396385730432,10.002306,47.066268
12889,390055396385141760,10.003722,47.066755
12911,390497503139677568,9.878789,48.173167
12916,390651434767186176,9.932224,49.244638
12925,390422805067776000,10.801311,47.880773
12927,390507570543009280,9.849031,48.31254
12928,390508017214536448,9.801128,48.380116
12929,390508051576059136,9.768041,48.303018
12934,390509494683281664,9.805974,48.384792
12936,390517259989391232,10.126607,48.346341
12953,390795058474139264,8.697003,47.480597
12954,390795672652911872,8.691,47.531378
12994,390424626133963776,10.616137,47.632518
13011,390952735313709568,8.313091,48.456436
13013,390956132629683584,8.300713,48.508936
13016,390961634485924480,8.430422,48.645938
13017,390967097681751168,8.341084,48.798365
13030,391218301730232960,7.325129,49.151548
13038,391090483505191552,7.077897,48.640926
13060,391121166747046784,8.092466,48.524201
13078,391288086360345600,9.677358,48.704989
13099,390930401478368512,8.147074,48.329818
13115,391098626760793600,6.680958,48.56721
13164,391451466911215232,9.283853,49.776026
13258,391800836730317568,7.001382,50.873186
13284,391518502760060160,8.598449,50.006697
13308,391823716022742016,5.921925,45.328537
13337,391927795963717248,5.308109,46.010694
13365,392043480908668800,4.858645,46.513234
13368,391885292968272000,5.187741,45.526119
13393,392081865034594560,4.82329,46.928279
13424,392457451334369280,5.341983,47.339491
13445,392551322141038080,5.623082,48.058478
13458,392689104688225664,4.187049,47.945852
13479,392421648488053888,6.147597,47.282539
13492,392748512677955456,3.579197,48.143205
13505,392514557215524480,4.844291,48.021315
13506,392529091390433792,6.253705,47.740962
13527,392838462176910976,4.658715,48.698437
13619,392965047749063296,2.441813,47.102166
13628,392928901306160512,3.460501,49.395998
13634,393121109682094720,2.87077,47.961761
13642,393277717071918848,0.989584,48.05303
13665,393320086922216576,0.382256,48.315457
13736,393525420722397568,2.463326,48.530934
13744,393860325088911104,0.45483,49.567781
13745,393862798999822080,0.82347,49.539594
13747,393654991297245184,3.184488,49.302182
13794,393917770276913664,0.411019,50.22104
13836,394021059954783872,0.372253,50.510417
13837,394115102554324864,6.209146,48.957942
13843,394131801381774848,5.888965,49.126222
13875,394171486883052800,5.669323,49.04144
13878,394185570077619584,5.444563,49.358833
13900,394294971484422784,5.271436,49.596551
13956,394493094031391232,4.6346,49.917872
13979,394506769210306944,4.421359,50.048385
14032,394958634127211904,4.920414,51.255988
14042,394859025244004224,5.574246,51.203395
14064,395111363163253760,4.484582,52.176663
14081,395151456687174528,3.756213,52.171234
14087,395237429049475840,3.29592,50.445684
14098,395179154935791488,3.580899,52.427113
14103,395185339688757120,3.922589,52.644861
14108,395285051643326592,1.802192,50.523757
14112,395292748221530624,1.896022,50.680122
14116,395142183850682112,3.829332,52.087361
14123,395314188699439744,2.113896,50.7291
14126,395160665099890304,4.186686,52.204884
14132,395108476952658944,4.48629,52.006421
14148,395407681556060800,2.225803,51.064632
14166,395391498111632384,2.730753,51.341171
14167,395398885455166080,2.678611,51.442554
14184,395686785708802176,0.765117,51.804491
14203,395652769569147392,1.483874,51.781538
14204,395376551625987328,3.375961,51.172538
14213,395577590461024896,0.078252,51.605925
14218,395580717189565568,0.821169,51.426173
14236,395657751729249920,1.742882,51.927071
14268,395942215997946752,3.394019,52.807324
14412,397285578688035200,21.394054,45.276705
14444,397471533593873280,20.118762,43.936714
14451,396420675352867840,21.708814,42.876138
14452,396421946663819648,21.660252,42.951143
14453,396428234495030016,21.917482,42.81384
14459,396463659386445312,22.656301,42.847667
14476,396609379039142528,21.5537,42.948093
14490,396397551249176320,21.952515,42.54107
14491,396399986496252544,22.043345,42.652075
14512,396861270280764416,21.313709,44.709376
14543,396805160827828864,21.610476,44.348121
14552,396685142262307200,20.790248,43.49292
14562,397215759701065728,21.983852,44.938666
14646,397758987165394176,18.780726,44.945407
14655,397631478176061696,20.894192,45.066055
14674,397599832856659712,20.603119,44.721008
14704,397655014594250752,20.020974,44.686853
14706,397661130627552256,19.985845,44.897135
14725,397810767288146944,18.549441,45.089158
14726,397811317046863744,18.454724,45.09413
14738,397961056786478080,18.372545,45.925539
14739,397961434742961408,18.374475,45.925133
14740,398179928317472768,21.065083,46.448498
14780,397478783499193088,20.449186,43.915677
14793,398053140885176704,21.229424,45.801513
14796,398120829569714176,20.658709,46.082873
14805,397964252241914752,18.697954,45.940683
14821,398478136489328384,20.190718,47.39193
14835,397999952010286208,18.839707,46.386449
14845,398223255949136640,20.522843,46.447988
14851,398436075873027328,20.00833,46.880333
14853,398449098214281600,19.781005,46.970133
14864,398374988551737856,19.085676,46.747909
14865,398374988554403328,19.08801,46.747516
14873,399063214113864320,22.613157,47.129632
14875,398277235098565760,20.464707,47.04351
14879,398361309082608768,19.206685,46.386003
14889,398190609900797312,21.587704,46.40628
14892,398386464706290560,19.018661,46.73049
14902,398418831580512640,18.849136,47.123434
14908,399777003318705664,21.170363,47.337429
14933,399864242694075136,21.929053,47.913734
14947,399914133031960576,21.308708,48.09772
14948,399914678495224704,21.555711,47.991022
14963,400365482557412096,22.101723,49.063996
14969,400378504898162048,22.092525,49.356094
14988,399838331156107392,22.125452,47.566128
14993,400182310790081152,20.83895,49.169941
14995,400541644937976704,21.346028,49.078581
15018,400513882266278656,22.482183,49.975619
15036,400665992829436032,20.47229,50.131719
15038,400466289733927296,22.657156,49.986813
15044,400555728132431744,21.116613,49.413475
15048,400187219937139840,20.287977,48.574917
15056,400623249316618752,20.593108,49.706647
15071,400639535829544576,20.408453,49.924497
15096,400905926882528768,17.186473,45.843736
15097,400907335632972672,17.25799,45.862088
15137,400836176614902144,17.919774,45.458282
15166,400783949812379520,20.673875,50.789699
15204,401155241144800384,16.606265,46.443001
15214,400698325343436544,21.261439,49.959067
15223,401329067060889472,16.410308,47.445951
15224,401331987637495552,15.957008,47.2593
15228,401635968240977024,18.214841,48.3879
15248,401258285998040064,16.972991,47.022524
15272,401632772785356672,18.515936,48.346656
15305,401387478616538624,18.570348,46.811621
15307,401395140838238976,18.717044,46.958647
15325,401382290295587456,16.093421,48.014545
15330,401574670469225856,19.079102,48.164685
15350,401303950089086848,16.645426,47.497976
15356,401313158501148544,16.409937,47.010528
15382,401747877912112256,16.736921,48.165652
15397,402194760668492928,15.291816,48.252169
15398,402199914629200768,15.125397,48.435579
15402,402060757690420224,15.069587,47.595458
15431,402518876079551232,16.114958,48.437572
15451,402168299373184640,15.075672,48.117963
15482,402276193248883328,14.213651,48.066868
15487,402564437092913792,15.906667,48.887665
15501,402466683639350528,13.337188,49.023096
15503,402252210151197440,13.69853,47.784374
15525,402160641446821376,15.115864,47.991596
15529,402693969009571712,16.580032,49.534688
15538,402952427260158336,14.568689,50.074253
15545,402768018545676416,15.8121,50.098384
15547,402963628533134976,14.405956,50.292359
15552,402878416384821504,13.830611,49.84487
15573,402788015908950912,15.290736,50.308647
15623,403208029350172672,18.524282,49.543782
15627,403124432111348864,19.365706,49.04272
15633,403162017365793280,18.250971,48.886158
15635,403370447838336640,17.828967,49.404674
15640,403357322414469504,17.899892,49.121105
15689,403198924024100608,18.400326,49.313689
15696,403565954748186496,17.558573,50.175306
15752,403927350476779520,18.660553,50.825779
15792,403757956963163008,19.426272,51.030356
15802,404041012489409664,17.749545,51.542481
15833,404260571219527168,16.513465,50.59087
15931,404596025346238208,14.653491,51.619004
15957,404963498451255680,17.558549,52.846428
15959,404621073596599552,15.571216,51.371701
15960,404622379265585536,15.469971,51.428518
16046,406927848986645504,22.468611,52.036589
16070,406893729769909376,22.159855,51.686618
16073,406895756994489856,21.945101,51.664318
16084,406909329090089472,22.627525,51.809667
16098,409868252319067520,20.705105,51.80696
16177,414332574467731456,12.7212,48.243378
16246,414620616450539264,11.145968,49.204282
16275,414766095587578496,11.639225,50.109407
16315,414878555011337728,10.514075,50.831488
16331,414673874044299648,10.944728,49.838368
16348,414570073278293376,11.942145,49.803718
16372,414854915511340416,10.347894,50.633191
16423,415142334717039744,12.837328,51.394001
16511,415654810215565696,9.767967,51.307533
16512,415658211835459200,9.678968,51.374139
16518,415319386161806080,12.095178,51.455432
16525,415681370297481600,9.26222,51.170845
16537,415508712610536192,9.911482,50.614423
16658,416040566998622208,10.008995,51.636935
16711,416348876937504512,8.844353,52.783983
16765,416686564444588288,12.601553,52.288334
16792,417724705279204608,10.632057,53.26453
16856,418976194324174976,7.053306,52.12134
16864,418970284455235072,5.636969,52.59449
17001,2855191458340779136,0.433806,29.323837
17061,2858190479383707008,9.183746,29.298154
17070,2858382344162927360,9.227271,29.510972
17077,2858389387909299200,9.402603,29.585166
17085,2858393304919467136,9.219845,29.671586
17091,2858400108147030144,9.027036,29.695144
17150,2855210940311785856,0.327636,29.576531
17156,2857428380387028352,5.623807,29.302831
17169,2857479988713478656,5.505317,29.424313
17183,2858989373364987904,6.951816,30.044338
17195,2859303975424173568,8.23436,30.64744
17225,2858723536365355392,7.39801,29.463541
17231,2858744736323024384,6.74133,29.309115
17241,2859376298378700032,9.40284,31.069006
17263,2859416671071420800,9.280824,31.261924
17296,2859498451544227072,9.287241,31.919254
17396,2858022975659328384,8.717941,29.479248
17399,2858041461198114304,8.161014,29.343306
17482,2859181036282077952,6.767471,30.785315
17510,2859101665284636160,6.819395,30.303474
17511,2859107643880919808,6.789907,30.427736
17589,2858442439345338112,9.565237,30.118647
17612,2858524799637514496,9.74378,30.164503
17671,2859690178884283136,8.91159,31.988232
17675,2859727390480933376,8.397857,32.11343
17682,2860512441783437952,4.715561,29.669806
17698,2860540582409154688,5.493262,30.061556
17713,2860298002656513920,2.29217,29.283712
17714,2860298037016252032,2.292094,29.28887
17728,2859629396506288896,7.544493,31.688967
17757,2861025295239337472,1.347194,29.577934
17777,2862010595095883264,2.763565,32.388112
17825,2862030832981764352,2.803348,32.585346
17845,2860346449886932736,2.712147,29.898929
17869,2861449328770204672,1.531871,30.920467
17940,2860440698649054848,3.81382,29.362844
17942,2860442519715083136,3.523795,29.307736
17953,2860631807514639232,3.476095,29.431336
17954,2860631944952150528,3.507261,29.432917
17969,2861488911187738624,2.851371,30.315998
17975,2861497226244198400,2.581092,30.327654
17991,2861525671812052736,3.324456,30.763189
18001,2860477601008537856,3.931928,29.666761
18030,2861442589964999936,1.54104,30.869619
18053,2860775259422258560,4.295146,30.235159
18056,2861180704335268864,1.90504,30.342704
18069,2860566695809765504,4.544173,29.859441
18073,2860569788186774784,4.696814,29.895274
18078,2860574942146792576,4.643109,30.036262
18079,2860575010866941568,4.618106,30.040663
18086,2860581161260175616,4.447809,30.016576
18130,2861756947211939200,2.147642,30.772876
18138,2861897104880056832,2.796028,31.416981
18213,2863375123384192768,4.616119,32.495329
18227,2862107420837268096,5.98583,30.968146
18246,2861884765437923328,1.809733,31.720272
18258,2860872046509465088,3.952367,30.940256
18274,2861624249901338240,3.690065,30.899684
18313,2862508983100827392,6.082714,32.084394
18321,2862532687024862464,5.321004,31.867206
18363,2861547254023994752,2.53782,30.445098
18380,2861579586537023104,2.424253,30.982612
18396,2863200296740643968,4.576726,31.840274
18404,2863223115902905472,4.374339,32.128791
18422,2863092583255802880,7.392556,33.805997
18427,2862643364037974656,7.422281,32.040158
18489,2862196412559483392,6.158965,30.945234
18534,2861725031310193920,3.586876,31.596806
18550,2861774715491798016,1.959804,30.977279
18561,2861792857434070784,2.408402,31.151658
18575,2861807700840680448,2.668824,31.502657
18581,2861074219209514624,2.000989,29.717281
18590,2861958054763848576,3.000989,32.230137
18614,2863413086601164928,4.982757,32.949977
18618,2863229644253166080,4.487061,32.218305
18647,2861376722347047808,1.799025,30.642274
18659,2861383319416839296,1.884672,30.722847
18660,2861383353776555648,1.799248,30.652836
18671,2861399266630060928,1.798268,30.898376
18711,2861864394408828928,2.24641,31.534086
18735,2862896354791693824,6.358542,32.42467
18743,2863050144685045248,7.059259,33.267411
18746,2863057983000690816,7.369841,33.180187
18782,2861285153643572096,0.267353,30.045586
18841,2862449506393744640,4.814567,31.828003
18873,2860669122190523136,3.922721,29.854833
18885,2860695510468343040,3.921317,30.193554
18911,2863516170111691648,3.194438,32.533743
18922,2863537816747384960,2.898211,32.791718
18970,2862828940984035072,7.531434,32.920392
18980,2862737234842058624,6.920875,32.589015
19018,2863933572214302464,6.60528,34.384771
19049,2864043523375100672,5.28458,33.944897
19080,2864174674496428544,5.460078,34.731674
19083,2864179828458691200,5.54519,34.740236
19084,2864190510040509056,5.982829,34.80956
19105,2863608460367968000,4.022256,33.164307
19119,2864249303848697088,5.350826,35.164337
19149,2873438678436655872,0.638089,30.767486
19180,2863851899115514240,5.557032,33.812179
19186,2863872755477385600,6.202491,33.677568
19222,2873961942892886528,0.952828,32.270654
19244,2873534301588958848,0.375214,31.441906
19278,2873733244474497792,0.074544,31.729856
19368,2873773960763896064,0.27218,32.0494
19387,2873784955880845568,0.273899,32.221041
19416,2873494925328254080,0.800993,31.358779
19428,2873508188186572544,0.358527,31.116948
19433,2873515575531674880,0.321068,31.299294
19436,2874985966174900736,0.047608,32.851861
19448,2875461573673969920,0.127649,34.844313
19490,2874139857617634432,2.157558,33.459636
19511,2874062582566190208,2.520443,32.886286
19540,2874097762642485760,1.805989,32.887894
19628,2874175110709694848,0.673801,32.691616
19630,2874179371317314048,1.191805,32.645443
19642,2874204690148038528,1.050643,32.952562
19672,2874293170771145088,1.681015,33.125452
19696,2874314022835388288,1.275913,33.351149
19750,2873994653363815296,1.54193,32.645257
19756,2874001628390746880,2.050426,32.166002
19759,2874220048950859520,0.360406,32.766178
19762,2874233968940738688,0.120029,32.782434
19769,2874236374123172736,0.198649,32.87258
19801,2875130689393621632,0.631101,33.633144
19803,2875131410946138752,0.64917,33.689132
19844,2875987754410401920,3.012709,34.714059
19852,2875997310714081792,2.775148,34.638291
19856,2876501505515017728,3.656159,35.88256
19871,2875886702420026496,2.395194,34.282159
19877,2875907941034828288,1.731516,34.11279
19894,2876049881112396032,2.661868,34.803506
19895,2876053969921514368,2.69702,35.014585
19901,2876067335860827904,2.456949,34.967713
19929,2875723978995592704,3.537308,34.203242
19930,2875724146502688640,3.515961,34.193704
19937,2876544317748004096,4.362568,36.012874
19964,2875026334577488128,0.24249,33.34414
19971,2875039223770256896,0.209913,33.436148
19986,2876604649153235840,3.922757,36.139681
20004,2875953261530464768,1.914505,34.445402
20011,2875965459235424768,2.127044,34.786044
20039,2875414874493255552,0.043336,34.498933
20077,2875564034413820160,2.963639,33.192732
20108,2875451643709568640,0.537634,34.786142
20109,2875623579840294400,2.386178,33.308741
20140,2876111281966403072,2.812788,35.676858
20156,2876304005739350144,5.383813,35.764871
20161,2876330840692940160,4.603674,35.639711
20209,2876826101962595072,2.377344,35.266274
20220,2876771568762580608,1.099462,35.020917
20224,2876787997013660416,1.352552,35.252144
20232,2876821115504744704,2.015031,35.162243
20237,2877109599868481792,1.654861,36.124146
20270,2877292432333347200,3.099035,36.392077
20295,2877334832249641728,2.498752,36.512663
20301,2877641076301709952,2.204214,37.639114
20304,2877647162270030208,1.867369,37.555455
20305,2877648399221089664,1.847294,37.628496
20339,2877066203519223680,0.614806,35.86104
20341,2877588544556920832,2.467163,37.475524
20347,2876888533607286272,1.891354,35.505485
20378,2877004463365701248,1.117049,35.641793
20379,2877009445527763200,0.904362,35.597396
20395,2880929341920083840,0.61366,38.573788
20473,2880235653161387904,0.996342,37.04603
20477,2880952156784679296,1.037582,38.700634
20487,2880812278291673728,2.365439,38.694138
20541,2880210639271593984,0.493625,36.649059
20551,2880771080965454848,2.298368,38.323961
20651,2881908560103215104,0.732488,39.916422
20653,2882163573785610880,0.047803,40.292114
20657,2882301596855253760,0.012959,41.630681
